State,date,precipitation
Andaman & Nicobar Island,2001-03-31,2.6661666666666666e-05
Andaman & Nicobar Island,2001-06-30,6.755e-05
Andaman & Nicobar Island,2001-09-30,0.00014066666666666665
Andaman & Nicobar Island,2001-12-31,7.833333333333333e-05
Andaman & Nicobar Island,2002-03-31,
Andaman & Nicobar Island,2002-06-30,
Andaman & Nicobar Island,2002-09-30,
Andaman & Nicobar Island,2002-12-31,
Andaman & Nicobar Island,2003-03-31,
Andaman & Nicobar Island,2003-06-30,
Andaman & Nicobar Island,2003-09-30,
Andaman & Nicobar Island,2003-12-31,
Andaman & Nicobar Island,2004-03-31,
Andaman & Nicobar Island,2004-06-30,
Andaman & Nicobar Island,2004-09-30,
Andaman & Nicobar Island,2004-12-31,
Andaman & Nicobar Island,2005-03-31,
Andaman & Nicobar Island,2005-06-30,
Andaman & Nicobar Island,2005-09-30,
Andaman & Nicobar Island,2005-12-31,
Andaman & Nicobar Island,2006-03-31,1.8685e-05
Andaman & Nicobar Island,2006-06-30,9.182e-05
Andaman & Nicobar Island,2006-09-30,0.0001382
Andaman & Nicobar Island,2006-12-31,9.126666666666666e-05
Andaman & Nicobar Island,2007-03-31,
Andaman & Nicobar Island,2007-06-30,
Andaman & Nicobar Island,2007-09-30,
Andaman & Nicobar Island,2007-12-31,
Andaman & Nicobar Island,2008-03-31,
Andaman & Nicobar Island,2008-06-30,
Andaman & Nicobar Island,2008-09-30,
Andaman & Nicobar Island,2008-12-31,
Andaman & Nicobar Island,2009-03-31,
Andaman & Nicobar Island,2009-06-30,
Andaman & Nicobar Island,2009-09-30,
Andaman & Nicobar Island,2009-12-31,
Andaman & Nicobar Island,2010-03-31,
Andaman & Nicobar Island,2010-06-30,
Andaman & Nicobar Island,2010-09-30,
Andaman & Nicobar Island,2010-12-31,
Andaman & Nicobar Island,2011-03-31,2.528333333333333e-05
Andaman & Nicobar Island,2011-06-30,8.398333333333332e-05
Andaman & Nicobar Island,2011-09-30,0.00014795000000000002
Andaman & Nicobar Island,2011-12-31,8.521666666666667e-05
Andaman & Nicobar Island,2012-03-31,
Andaman & Nicobar Island,2012-06-30,
Andaman & Nicobar Island,2012-09-30,
Andaman & Nicobar Island,2012-12-31,
Andaman & Nicobar Island,2013-03-31,
Andaman & Nicobar Island,2013-06-30,
Andaman & Nicobar Island,2013-09-30,
Andaman & Nicobar Island,2013-12-31,
Andaman & Nicobar Island,2014-03-31,
Andaman & Nicobar Island,2014-06-30,
Andaman & Nicobar Island,2014-09-30,
Andaman & Nicobar Island,2014-12-31,
Andaman & Nicobar Island,2015-03-31,3.4183333333333335e-05
Andaman & Nicobar Island,2015-06-30,9.233333333333333e-05
Andaman & Nicobar Island,2015-09-30,0.00016950000000000003
Andaman & Nicobar Island,2015-12-31,8.026666666666666e-05
Andaman & Nicobar Island,2016-03-31,
Andaman & Nicobar Island,2016-06-30,
Andaman & Nicobar Island,2016-09-30,
Andaman & Nicobar Island,2016-12-31,
Andaman & Nicobar Island,2017-03-31,
Andaman & Nicobar Island,2017-06-30,
Andaman & Nicobar Island,2017-09-30,
Andaman & Nicobar Island,2017-12-31,
Andaman & Nicobar Island,2018-03-31,
Andaman & Nicobar Island,2018-06-30,
Andaman & Nicobar Island,2018-09-30,
Andaman & Nicobar Island,2018-12-31,
Andaman & Nicobar Island,2019-03-31,3.300333333333333e-05
Andaman & Nicobar Island,2019-06-30,7.148333333333334e-05
Andaman & Nicobar Island,2019-09-30,0.00013621666666666665
Andaman & Nicobar Island,2019-12-31,8.599999999999999e-05
Andhra Pradesh,2001-03-31,5.734483695652175e-07
Andhra Pradesh,2001-06-30,1.4114347826086957e-05
Andhra Pradesh,2001-09-30,7.628115942028986e-05
Andhra Pradesh,2001-12-31,2.024446637962319e-05
Andhra Pradesh,2002-03-31,
Andhra Pradesh,2002-06-30,
Andhra Pradesh,2002-09-30,
Andhra Pradesh,2002-12-31,
Andhra Pradesh,2003-03-31,
Andhra Pradesh,2003-06-30,
Andhra Pradesh,2003-09-30,
Andhra Pradesh,2003-12-31,
Andhra Pradesh,2004-03-31,
Andhra Pradesh,2004-06-30,
Andhra Pradesh,2004-09-30,
Andhra Pradesh,2004-12-31,
Andhra Pradesh,2005-03-31,
Andhra Pradesh,2005-06-30,
Andhra Pradesh,2005-09-30,
Andhra Pradesh,2005-12-31,
Andhra Pradesh,2006-03-31,4.458799188405797e-07
Andhra Pradesh,2006-06-30,1.1689146376811594e-05
Andhra Pradesh,2006-09-30,6.82376811594203e-05
Andhra Pradesh,2006-12-31,3.0430370001985507e-05
Andhra Pradesh,2007-03-31,
Andhra Pradesh,2007-06-30,
Andhra Pradesh,2007-09-30,
Andhra Pradesh,2007-12-31,
Andhra Pradesh,2008-03-31,
Andhra Pradesh,2008-06-30,
Andhra Pradesh,2008-09-30,
Andhra Pradesh,2008-12-31,
Andhra Pradesh,2009-03-31,
Andhra Pradesh,2009-06-30,
Andhra Pradesh,2009-09-30,
Andhra Pradesh,2009-12-31,
Andhra Pradesh,2010-03-31,
Andhra Pradesh,2010-06-30,
Andhra Pradesh,2010-09-30,
Andhra Pradesh,2010-12-31,
Andhra Pradesh,2011-03-31,5.20264947826087e-07
Andhra Pradesh,2011-06-30,1.1630724637681159e-05
Andhra Pradesh,2011-09-30,6.769275362318842e-05
Andhra Pradesh,2011-12-31,2.8298751392368114e-05
Andhra Pradesh,2012-03-31,
Andhra Pradesh,2012-06-30,
Andhra Pradesh,2012-09-30,
Andhra Pradesh,2012-12-31,
Andhra Pradesh,2013-03-31,
Andhra Pradesh,2013-06-30,
Andhra Pradesh,2013-09-30,
Andhra Pradesh,2013-12-31,
Andhra Pradesh,2014-03-31,
Andhra Pradesh,2014-06-30,
Andhra Pradesh,2014-09-30,
Andhra Pradesh,2014-12-31,
Andhra Pradesh,2015-03-31,8.050797826086955e-07
Andhra Pradesh,2015-06-30,1.7951057971014492e-05
Andhra Pradesh,2015-09-30,6.505072463768117e-05
Andhra Pradesh,2015-12-31,4.339739377236232e-05
Andhra Pradesh,2016-03-31,
Andhra Pradesh,2016-06-30,
Andhra Pradesh,2016-09-30,
Andhra Pradesh,2016-12-31,
Andhra Pradesh,2017-03-31,
Andhra Pradesh,2017-06-30,
Andhra Pradesh,2017-09-30,
Andhra Pradesh,2017-12-31,
Andhra Pradesh,2018-03-31,
Andhra Pradesh,2018-06-30,
Andhra Pradesh,2018-09-30,
Andhra Pradesh,2018-12-31,
Andhra Pradesh,2019-03-31,4.053519710144928e-07
Andhra Pradesh,2019-06-30,1.600626086956522e-05
Andhra Pradesh,2019-09-30,7.442173913043478e-05
Andhra Pradesh,2019-12-31,3.128395406166667e-05
Arunanchal Pradesh,2001-03-31,7.046769230769232e-06
Arunanchal Pradesh,2001-06-30,7.81153846153846e-05
Arunanchal Pradesh,2001-09-30,8.070000000000001e-05
Arunanchal Pradesh,2001-12-31,2.8096467435897436e-05
Arunanchal Pradesh,2002-03-31,
Arunanchal Pradesh,2002-06-30,
Arunanchal Pradesh,2002-09-30,
Arunanchal Pradesh,2002-12-31,
Arunanchal Pradesh,2003-03-31,
Arunanchal Pradesh,2003-06-30,
Arunanchal Pradesh,2003-09-30,
Arunanchal Pradesh,2003-12-31,
Arunanchal Pradesh,2004-03-31,
Arunanchal Pradesh,2004-06-30,
Arunanchal Pradesh,2004-09-30,
Arunanchal Pradesh,2004-12-31,
Arunanchal Pradesh,2005-03-31,
Arunanchal Pradesh,2005-06-30,
Arunanchal Pradesh,2005-09-30,
Arunanchal Pradesh,2005-12-31,
Arunanchal Pradesh,2006-03-31,4.670700000000001e-06
Arunanchal Pradesh,2006-06-30,7.599076923076925e-05
Arunanchal Pradesh,2006-09-30,0.00010380256410256413
Arunanchal Pradesh,2006-12-31,2.281342564102564e-05
Arunanchal Pradesh,2007-03-31,
Arunanchal Pradesh,2007-06-30,
Arunanchal Pradesh,2007-09-30,
Arunanchal Pradesh,2007-12-31,
Arunanchal Pradesh,2008-03-31,
Arunanchal Pradesh,2008-06-30,
Arunanchal Pradesh,2008-09-30,
Arunanchal Pradesh,2008-12-31,
Arunanchal Pradesh,2009-03-31,
Arunanchal Pradesh,2009-06-30,
Arunanchal Pradesh,2009-09-30,
Arunanchal Pradesh,2009-12-31,
Arunanchal Pradesh,2010-03-31,
Arunanchal Pradesh,2010-06-30,
Arunanchal Pradesh,2010-09-30,
Arunanchal Pradesh,2010-12-31,
Arunanchal Pradesh,2011-03-31,6.526861538461537e-06
Arunanchal Pradesh,2011-06-30,5.7087179487179484e-05
Arunanchal Pradesh,2011-09-30,0.0001111948717948718
Arunanchal Pradesh,2011-12-31,2.6063307692307693e-05
Arunanchal Pradesh,2012-03-31,
Arunanchal Pradesh,2012-06-30,
Arunanchal Pradesh,2012-09-30,
Arunanchal Pradesh,2012-12-31,
Arunanchal Pradesh,2013-03-31,
Arunanchal Pradesh,2013-06-30,
Arunanchal Pradesh,2013-09-30,
Arunanchal Pradesh,2013-12-31,
Arunanchal Pradesh,2014-03-31,
Arunanchal Pradesh,2014-06-30,
Arunanchal Pradesh,2014-09-30,
Arunanchal Pradesh,2014-12-31,
Arunanchal Pradesh,2015-03-31,7.901828205128206e-06
Arunanchal Pradesh,2015-06-30,6.347435897435898e-05
Arunanchal Pradesh,2015-09-30,0.00012139230769230769
Arunanchal Pradesh,2015-12-31,2.584079743589744e-05
Arunanchal Pradesh,2016-03-31,
Arunanchal Pradesh,2016-06-30,
Arunanchal Pradesh,2016-09-30,
Arunanchal Pradesh,2016-12-31,
Arunanchal Pradesh,2017-03-31,
Arunanchal Pradesh,2017-06-30,
Arunanchal Pradesh,2017-09-30,
Arunanchal Pradesh,2017-12-31,
Arunanchal Pradesh,2018-03-31,
Arunanchal Pradesh,2018-06-30,
Arunanchal Pradesh,2018-09-30,
Arunanchal Pradesh,2018-12-31,
Arunanchal Pradesh,2019-03-31,6.7804692307692305e-06
Arunanchal Pradesh,2019-06-30,4.950230769230769e-05
Arunanchal Pradesh,2019-09-30,0.00011594615384615384
Arunanchal Pradesh,2019-12-31,4.2920258974358975e-05
Assam,2001-03-31,1.227826086956522e-05
Assam,2001-06-30,0.0001354768115942029
Assam,2001-09-30,0.00012120724637681159
Assam,2001-12-31,4.389310192753624e-05
Assam,2002-03-31,
Assam,2002-06-30,
Assam,2002-09-30,
Assam,2002-12-31,
Assam,2003-03-31,
Assam,2003-06-30,
Assam,2003-09-30,
Assam,2003-12-31,
Assam,2004-03-31,
Assam,2004-06-30,
Assam,2004-09-30,
Assam,2004-12-31,
Assam,2005-03-31,
Assam,2005-06-30,
Assam,2005-09-30,
Assam,2005-12-31,
Assam,2006-03-31,3.880252466666667e-06
Assam,2006-06-30,0.00011814637681159419
Assam,2006-09-30,0.00019725072463768116
Assam,2006-12-31,4.1013642028985506e-05
Assam,2007-03-31,
Assam,2007-06-30,
Assam,2007-09-30,
Assam,2007-12-31,
Assam,2008-03-31,
Assam,2008-06-30,
Assam,2008-09-30,
Assam,2008-12-31,
Assam,2009-03-31,
Assam,2009-06-30,
Assam,2009-09-30,
Assam,2009-12-31,
Assam,2010-03-31,
Assam,2010-06-30,
Assam,2010-09-30,
Assam,2010-12-31,
Assam,2011-03-31,5.262697289855072e-06
Assam,2011-06-30,0.00010154057971014495
Assam,2011-09-30,0.00017765797101449278
Assam,2011-12-31,3.097312149275362e-05
Assam,2012-03-31,
Assam,2012-06-30,
Assam,2012-09-30,
Assam,2012-12-31,
Assam,2013-03-31,
Assam,2013-06-30,
Assam,2013-09-30,
Assam,2013-12-31,
Assam,2014-03-31,
Assam,2014-06-30,
Assam,2014-09-30,
Assam,2014-12-31,
Assam,2015-03-31,1.1271184115942028e-05
Assam,2015-06-30,0.00010027391304347825
Assam,2015-09-30,0.00017914347826086956
Assam,2015-12-31,4.775486280724638e-05
Assam,2016-03-31,
Assam,2016-06-30,
Assam,2016-09-30,
Assam,2016-12-31,
Assam,2017-03-31,
Assam,2017-06-30,
Assam,2017-09-30,
Assam,2017-12-31,
Assam,2018-03-31,
Assam,2018-06-30,
Assam,2018-09-30,
Assam,2018-12-31,
Assam,2019-03-31,5.804344202898552e-06
Assam,2019-06-30,8.708695652173915e-05
Assam,2019-09-30,0.0002275739130434782
Assam,2019-12-31,5.263885315942029e-05
Bihar,2001-03-31,1.7377639639639639e-06
Bihar,2001-06-30,2.4152441441441437e-05
Bihar,2001-09-30,9.744954954954954e-05
Bihar,2001-12-31,1.4124106919819822e-05
Bihar,2002-03-31,
Bihar,2002-06-30,
Bihar,2002-09-30,
Bihar,2002-12-31,
Bihar,2003-03-31,
Bihar,2003-06-30,
Bihar,2003-09-30,
Bihar,2003-12-31,
Bihar,2004-03-31,
Bihar,2004-06-30,
Bihar,2004-09-30,
Bihar,2004-12-31,
Bihar,2005-03-31,
Bihar,2005-06-30,
Bihar,2005-09-30,
Bihar,2005-12-31,
Bihar,2006-03-31,6.626953153599099e-07
Bihar,2006-06-30,2.3589472702702702e-05
Bihar,2006-09-30,0.00011205675675675675
Bihar,2006-12-31,3.4536839729729724e-05
Bihar,2007-03-31,
Bihar,2007-06-30,
Bihar,2007-09-30,
Bihar,2007-12-31,
Bihar,2008-03-31,
Bihar,2008-06-30,
Bihar,2008-09-30,
Bihar,2008-12-31,
Bihar,2009-03-31,
Bihar,2009-06-30,
Bihar,2009-09-30,
Bihar,2009-12-31,
Bihar,2010-03-31,
Bihar,2010-06-30,
Bihar,2010-09-30,
Bihar,2010-12-31,
Bihar,2011-03-31,2.180908072112252e-06
Bihar,2011-06-30,1.3442600900900901e-05
Bihar,2011-09-30,0.00011130090090090087
Bihar,2011-12-31,3.1910263153153156e-05
Bihar,2012-03-31,
Bihar,2012-06-30,
Bihar,2012-09-30,
Bihar,2012-12-31,
Bihar,2013-03-31,
Bihar,2013-06-30,
Bihar,2013-09-30,
Bihar,2013-12-31,
Bihar,2014-03-31,
Bihar,2014-06-30,
Bihar,2014-09-30,
Bihar,2014-12-31,
Bihar,2015-03-31,2.2712214054913515e-06
Bihar,2015-06-30,3.322260990990991e-05
Bihar,2015-09-30,9.812072072072074e-05
Bihar,2015-12-31,5.866542567567568e-05
Bihar,2016-03-31,
Bihar,2016-06-30,
Bihar,2016-09-30,
Bihar,2016-12-31,
Bihar,2017-03-31,
Bihar,2017-06-30,
Bihar,2017-09-30,
Bihar,2017-12-31,
Bihar,2018-03-31,
Bihar,2018-06-30,
Bihar,2018-09-30,
Bihar,2018-12-31,
Bihar,2019-03-31,1.3527886486876579e-06
Bihar,2019-06-30,2.3445244144144144e-05
Bihar,2019-09-30,0.0001177945945945946
Bihar,2019-12-31,2.7652362162162153e-05
Chandigarh,2001-03-31,4.573333333333333e-06
Chandigarh,2001-06-30,1.3163333333333335e-05
Chandigarh,2001-09-30,0.0001005
Chandigarh,2001-12-31,8.766666666666666e-07
Chandigarh,2002-03-31,
Chandigarh,2002-06-30,
Chandigarh,2002-09-30,
Chandigarh,2002-12-31,
Chandigarh,2003-03-31,
Chandigarh,2003-06-30,
Chandigarh,2003-09-30,
Chandigarh,2003-12-31,
Chandigarh,2004-03-31,
Chandigarh,2004-06-30,
Chandigarh,2004-09-30,
Chandigarh,2004-12-31,
Chandigarh,2005-03-31,
Chandigarh,2005-06-30,
Chandigarh,2005-09-30,
Chandigarh,2005-12-31,
Chandigarh,2006-03-31,1.3929999999999999e-05
Chandigarh,2006-06-30,3.143333333333333e-06
Chandigarh,2006-09-30,0.0001033
Chandigarh,2006-12-31,1.5166666666666668e-06
Chandigarh,2007-03-31,
Chandigarh,2007-06-30,
Chandigarh,2007-09-30,
Chandigarh,2007-12-31,
Chandigarh,2008-03-31,
Chandigarh,2008-06-30,
Chandigarh,2008-09-30,
Chandigarh,2008-12-31,
Chandigarh,2009-03-31,
Chandigarh,2009-06-30,
Chandigarh,2009-09-30,
Chandigarh,2009-12-31,
Chandigarh,2010-03-31,
Chandigarh,2010-06-30,
Chandigarh,2010-09-30,
Chandigarh,2010-12-31,
Chandigarh,2011-03-31,1.8100000000000003e-05
Chandigarh,2011-06-30,1.4833333333333332e-06
Chandigarh,2011-09-30,7.743333333333334e-05
Chandigarh,2011-12-31,8.11e-07
Chandigarh,2012-03-31,
Chandigarh,2012-06-30,
Chandigarh,2012-09-30,
Chandigarh,2012-12-31,
Chandigarh,2013-03-31,
Chandigarh,2013-06-30,
Chandigarh,2013-09-30,
Chandigarh,2013-12-31,
Chandigarh,2014-03-31,
Chandigarh,2014-06-30,
Chandigarh,2014-09-30,
Chandigarh,2014-12-31,
Chandigarh,2015-03-31,1.1803333333333334e-05
Chandigarh,2015-06-30,5.95e-06
Chandigarh,2015-09-30,8.326666666666667e-05
Chandigarh,2015-12-31,3.83e-07
Chandigarh,2016-03-31,
Chandigarh,2016-06-30,
Chandigarh,2016-09-30,
Chandigarh,2016-12-31,
Chandigarh,2017-03-31,
Chandigarh,2017-06-30,
Chandigarh,2017-09-30,
Chandigarh,2017-12-31,
Chandigarh,2018-03-31,
Chandigarh,2018-06-30,
Chandigarh,2018-09-30,
Chandigarh,2018-12-31,
Chandigarh,2019-03-31,1.067e-05
Chandigarh,2019-06-30,3.863333333333333e-06
Chandigarh,2019-09-30,9.043333333333333e-05
Chandigarh,2019-12-31,1.4583333333333332e-07
Chhattisgarh,2001-03-31,3.2554583333333332e-06
Chhattisgarh,2001-06-30,1.4852083333333335e-05
Chhattisgarh,2001-09-30,0.00012652083333333333
Chhattisgarh,2001-12-31,7.134195020833333e-06
Chhattisgarh,2002-03-31,
Chhattisgarh,2002-06-30,
Chhattisgarh,2002-09-30,
Chhattisgarh,2002-12-31,
Chhattisgarh,2003-03-31,
Chhattisgarh,2003-06-30,
Chhattisgarh,2003-09-30,
Chhattisgarh,2003-12-31,
Chhattisgarh,2004-03-31,
Chhattisgarh,2004-06-30,
Chhattisgarh,2004-09-30,
Chhattisgarh,2004-12-31,
Chhattisgarh,2005-03-31,
Chhattisgarh,2005-06-30,
Chhattisgarh,2005-09-30,
Chhattisgarh,2005-12-31,
Chhattisgarh,2006-03-31,2.4172485416666663e-06
Chhattisgarh,2006-06-30,9.47611875e-06
Chhattisgarh,2006-09-30,0.00013401666666666665
Chhattisgarh,2006-12-31,1.8846851666666666e-05
Chhattisgarh,2007-03-31,
Chhattisgarh,2007-06-30,
Chhattisgarh,2007-09-30,
Chhattisgarh,2007-12-31,
Chhattisgarh,2008-03-31,
Chhattisgarh,2008-06-30,
Chhattisgarh,2008-09-30,
Chhattisgarh,2008-12-31,
Chhattisgarh,2009-03-31,
Chhattisgarh,2009-06-30,
Chhattisgarh,2009-09-30,
Chhattisgarh,2009-12-31,
Chhattisgarh,2010-03-31,
Chhattisgarh,2010-06-30,
Chhattisgarh,2010-09-30,
Chhattisgarh,2010-12-31,
Chhattisgarh,2011-03-31,1.805090208333333e-06
Chhattisgarh,2011-06-30,1.0913604166666668e-05
Chhattisgarh,2011-09-30,0.00011524791666666668
Chhattisgarh,2011-12-31,2.3416980833333333e-05
Chhattisgarh,2012-03-31,
Chhattisgarh,2012-06-30,
Chhattisgarh,2012-09-30,
Chhattisgarh,2012-12-31,
Chhattisgarh,2013-03-31,
Chhattisgarh,2013-06-30,
Chhattisgarh,2013-09-30,
Chhattisgarh,2013-12-31,
Chhattisgarh,2014-03-31,
Chhattisgarh,2014-06-30,
Chhattisgarh,2014-09-30,
Chhattisgarh,2014-12-31,
Chhattisgarh,2015-03-31,2.3685454166666665e-06
Chhattisgarh,2015-06-30,2.1789500000000002e-05
Chhattisgarh,2015-09-30,0.00011491041666666669
Chhattisgarh,2015-12-31,1.7798443541666663e-05
Chhattisgarh,2016-03-31,
Chhattisgarh,2016-06-30,
Chhattisgarh,2016-09-30,
Chhattisgarh,2016-12-31,
Chhattisgarh,2017-03-31,
Chhattisgarh,2017-06-30,
Chhattisgarh,2017-09-30,
Chhattisgarh,2017-12-31,
Chhattisgarh,2018-03-31,
Chhattisgarh,2018-06-30,
Chhattisgarh,2018-09-30,
Chhattisgarh,2018-12-31,
Chhattisgarh,2019-03-31,2.0015474999999997e-06
Chhattisgarh,2019-06-30,1.9963964583333334e-05
Chhattisgarh,2019-09-30,0.00011486458333333331
Chhattisgarh,2019-12-31,1.4272666854166669e-05
Dadara & Nagar Havelli,2001-03-31,0.0
Dadara & Nagar Havelli,2001-06-30,2.0327666666666665e-05
Dadara & Nagar Havelli,2001-09-30,0.00018999999999999998
Dadara & Nagar Havelli,2001-12-31,3.6666666666666666e-06
Dadara & Nagar Havelli,2002-03-31,
Dadara & Nagar Havelli,2002-06-30,
Dadara & Nagar Havelli,2002-09-30,
Dadara & Nagar Havelli,2002-12-31,
Dadara & Nagar Havelli,2003-03-31,
Dadara & Nagar Havelli,2003-06-30,
Dadara & Nagar Havelli,2003-09-30,
Dadara & Nagar Havelli,2003-12-31,
Dadara & Nagar Havelli,2004-03-31,
Dadara & Nagar Havelli,2004-06-30,
Dadara & Nagar Havelli,2004-09-30,
Dadara & Nagar Havelli,2004-12-31,
Dadara & Nagar Havelli,2005-03-31,
Dadara & Nagar Havelli,2005-06-30,
Dadara & Nagar Havelli,2005-09-30,
Dadara & Nagar Havelli,2005-12-31,
Dadara & Nagar Havelli,2006-03-31,0.0
Dadara & Nagar Havelli,2006-06-30,9.333333333333334e-06
Dadara & Nagar Havelli,2006-09-30,0.00014223333333333334
Dadara & Nagar Havelli,2006-12-31,3.9666666666666664e-05
Dadara & Nagar Havelli,2007-03-31,
Dadara & Nagar Havelli,2007-06-30,
Dadara & Nagar Havelli,2007-09-30,
Dadara & Nagar Havelli,2007-12-31,
Dadara & Nagar Havelli,2008-03-31,
Dadara & Nagar Havelli,2008-06-30,
Dadara & Nagar Havelli,2008-09-30,
Dadara & Nagar Havelli,2008-12-31,
Dadara & Nagar Havelli,2009-03-31,
Dadara & Nagar Havelli,2009-06-30,
Dadara & Nagar Havelli,2009-09-30,
Dadara & Nagar Havelli,2009-12-31,
Dadara & Nagar Havelli,2010-03-31,
Dadara & Nagar Havelli,2010-06-30,
Dadara & Nagar Havelli,2010-09-30,
Dadara & Nagar Havelli,2010-12-31,
Dadara & Nagar Havelli,2011-03-31,0.0
Dadara & Nagar Havelli,2011-06-30,2.3466666666666667e-05
Dadara & Nagar Havelli,2011-09-30,0.00020133333333333334
Dadara & Nagar Havelli,2011-12-31,4.1e-05
Dadara & Nagar Havelli,2012-03-31,
Dadara & Nagar Havelli,2012-06-30,
Dadara & Nagar Havelli,2012-09-30,
Dadara & Nagar Havelli,2012-12-31,
Dadara & Nagar Havelli,2013-03-31,
Dadara & Nagar Havelli,2013-06-30,
Dadara & Nagar Havelli,2013-09-30,
Dadara & Nagar Havelli,2013-12-31,
Dadara & Nagar Havelli,2014-03-31,
Dadara & Nagar Havelli,2014-06-30,
Dadara & Nagar Havelli,2014-09-30,
Dadara & Nagar Havelli,2014-12-31,
Dadara & Nagar Havelli,2015-03-31,0.0
Dadara & Nagar Havelli,2015-06-30,2.1233333333333336e-05
Dadara & Nagar Havelli,2015-09-30,0.00018083333333333333
Dadara & Nagar Havelli,2015-12-31,3.7999999999999995e-05
Dadara & Nagar Havelli,2016-03-31,
Dadara & Nagar Havelli,2016-06-30,
Dadara & Nagar Havelli,2016-09-30,
Dadara & Nagar Havelli,2016-12-31,
Dadara & Nagar Havelli,2017-03-31,
Dadara & Nagar Havelli,2017-06-30,
Dadara & Nagar Havelli,2017-09-30,
Dadara & Nagar Havelli,2017-12-31,
Dadara & Nagar Havelli,2018-03-31,
Dadara & Nagar Havelli,2018-06-30,
Dadara & Nagar Havelli,2018-09-30,
Dadara & Nagar Havelli,2018-12-31,
Dadara & Nagar Havelli,2019-03-31,0.0
Dadara & Nagar Havelli,2019-06-30,5.1e-05
Dadara & Nagar Havelli,2019-09-30,0.00023433333333333336
Dadara & Nagar Havelli,2019-12-31,2.5300000000000002e-05
Daman & Diu,2001-03-31,0.0
Daman & Diu,2001-06-30,1.6925666666666666e-05
Daman & Diu,2001-09-30,0.00014636666666666668
Daman & Diu,2001-12-31,1.0045e-05
Daman & Diu,2002-03-31,
Daman & Diu,2002-06-30,
Daman & Diu,2002-09-30,
Daman & Diu,2002-12-31,
Daman & Diu,2003-03-31,
Daman & Diu,2003-06-30,
Daman & Diu,2003-09-30,
Daman & Diu,2003-12-31,
Daman & Diu,2004-03-31,
Daman & Diu,2004-06-30,
Daman & Diu,2004-09-30,
Daman & Diu,2004-12-31,
Daman & Diu,2005-03-31,
Daman & Diu,2005-06-30,
Daman & Diu,2005-09-30,
Daman & Diu,2005-12-31,
Daman & Diu,2006-03-31,0.0
Daman & Diu,2006-06-30,5.898333333333333e-06
Daman & Diu,2006-09-30,0.00010841666666666667
Daman & Diu,2006-12-31,1.2608333333333333e-05
Daman & Diu,2007-03-31,
Daman & Diu,2007-06-30,
Daman & Diu,2007-09-30,
Daman & Diu,2007-12-31,
Daman & Diu,2008-03-31,
Daman & Diu,2008-06-30,
Daman & Diu,2008-09-30,
Daman & Diu,2008-12-31,
Daman & Diu,2009-03-31,
Daman & Diu,2009-06-30,
Daman & Diu,2009-09-30,
Daman & Diu,2009-12-31,
Daman & Diu,2010-03-31,
Daman & Diu,2010-06-30,
Daman & Diu,2010-09-30,
Daman & Diu,2010-12-31,
Daman & Diu,2011-03-31,0.0
Daman & Diu,2011-06-30,1.0678333333333334e-05
Daman & Diu,2011-09-30,0.0001472
Daman & Diu,2011-12-31,1.9286666666666666e-05
Daman & Diu,2012-03-31,
Daman & Diu,2012-06-30,
Daman & Diu,2012-09-30,
Daman & Diu,2012-12-31,
Daman & Diu,2013-03-31,
Daman & Diu,2013-06-30,
Daman & Diu,2013-09-30,
Daman & Diu,2013-12-31,
Daman & Diu,2014-03-31,
Daman & Diu,2014-06-30,
Daman & Diu,2014-09-30,
Daman & Diu,2014-12-31,
Daman & Diu,2015-03-31,0.0
Daman & Diu,2015-06-30,1.0518333333333332e-05
Daman & Diu,2015-09-30,0.00012235
Daman & Diu,2015-12-31,2.13e-05
Daman & Diu,2016-03-31,
Daman & Diu,2016-06-30,
Daman & Diu,2016-09-30,
Daman & Diu,2016-12-31,
Daman & Diu,2017-03-31,
Daman & Diu,2017-06-30,
Daman & Diu,2017-09-30,
Daman & Diu,2017-12-31,
Daman & Diu,2018-03-31,
Daman & Diu,2018-06-30,
Daman & Diu,2018-09-30,
Daman & Diu,2018-12-31,
Daman & Diu,2019-03-31,0.0
Daman & Diu,2019-06-30,2.998333333333333e-05
Daman & Diu,2019-09-30,0.00016536666666666666
Daman & Diu,2019-12-31,1.4456666666666667e-05
Delhi,2001-03-31,1.5224814814814811e-06
Delhi,2001-06-30,6.6887037037037035e-06
Delhi,2001-09-30,7.611851851851852e-05
Delhi,2001-12-31,4.0999999999999994e-07
Delhi,2002-03-31,
Delhi,2002-06-30,
Delhi,2002-09-30,
Delhi,2002-12-31,
Delhi,2003-03-31,
Delhi,2003-06-30,
Delhi,2003-09-30,
Delhi,2003-12-31,
Delhi,2004-03-31,
Delhi,2004-06-30,
Delhi,2004-09-30,
Delhi,2004-12-31,
Delhi,2005-03-31,
Delhi,2005-06-30,
Delhi,2005-09-30,
Delhi,2005-12-31,
Delhi,2006-03-31,4.461592592592593e-06
Delhi,2006-06-30,4.1792592592592595e-06
Delhi,2006-09-30,8.287407407407407e-05
Delhi,2006-12-31,0.0
Delhi,2007-03-31,
Delhi,2007-06-30,
Delhi,2007-09-30,
Delhi,2007-12-31,
Delhi,2008-03-31,
Delhi,2008-06-30,
Delhi,2008-09-30,
Delhi,2008-12-31,
Delhi,2009-03-31,
Delhi,2009-06-30,
Delhi,2009-09-30,
Delhi,2009-12-31,
Delhi,2010-03-31,
Delhi,2010-06-30,
Delhi,2010-09-30,
Delhi,2010-12-31,
Delhi,2011-03-31,6.396337037037037e-06
Delhi,2011-06-30,2.808518518518518e-06
Delhi,2011-09-30,9.184444444444445e-05
Delhi,2011-12-31,0.0
Delhi,2012-03-31,
Delhi,2012-06-30,
Delhi,2012-09-30,
Delhi,2012-12-31,
Delhi,2013-03-31,
Delhi,2013-06-30,
Delhi,2013-09-30,
Delhi,2013-12-31,
Delhi,2014-03-31,
Delhi,2014-06-30,
Delhi,2014-09-30,
Delhi,2014-12-31,
Delhi,2015-03-31,3.4229925925925926e-06
Delhi,2015-06-30,7.433703703703705e-06
Delhi,2015-09-30,9.878148148148148e-05
Delhi,2015-12-31,0.0
Delhi,2016-03-31,
Delhi,2016-06-30,
Delhi,2016-09-30,
Delhi,2016-12-31,
Delhi,2017-03-31,
Delhi,2017-06-30,
Delhi,2017-09-30,
Delhi,2017-12-31,
Delhi,2018-03-31,
Delhi,2018-06-30,
Delhi,2018-09-30,
Delhi,2018-12-31,
Delhi,2019-03-31,3.806e-06
Delhi,2019-06-30,1.291962962962963e-05
Delhi,2019-09-30,5.013333333333333e-05
Delhi,2019-12-31,0.0
Goa,2001-03-31,7.887e-08
Goa,2001-06-30,4.5735e-05
Goa,2001-09-30,0.0001978333333333333
Goa,2001-12-31,2.6449999999999996e-05
Goa,2002-03-31,
Goa,2002-06-30,
Goa,2002-09-30,
Goa,2002-12-31,
Goa,2003-03-31,
Goa,2003-06-30,
Goa,2003-09-30,
Goa,2003-12-31,
Goa,2004-03-31,
Goa,2004-06-30,
Goa,2004-09-30,
Goa,2004-12-31,
Goa,2005-03-31,
Goa,2005-06-30,
Goa,2005-09-30,
Goa,2005-12-31,
Goa,2006-03-31,0.0
Goa,2006-06-30,4.260833333333334e-05
Goa,2006-09-30,0.00024333333333333333
Goa,2006-12-31,3.15e-05
Goa,2007-03-31,
Goa,2007-06-30,
Goa,2007-09-30,
Goa,2007-12-31,
Goa,2008-03-31,
Goa,2008-06-30,
Goa,2008-09-30,
Goa,2008-12-31,
Goa,2009-03-31,
Goa,2009-06-30,
Goa,2009-09-30,
Goa,2009-12-31,
Goa,2010-03-31,
Goa,2010-06-30,
Goa,2010-09-30,
Goa,2010-12-31,
Goa,2011-03-31,0.0
Goa,2011-06-30,2.8883333333333332e-05
Goa,2011-09-30,0.0002025
Goa,2011-12-31,3.481666666666667e-05
Goa,2012-03-31,
Goa,2012-06-30,
Goa,2012-09-30,
Goa,2012-12-31,
Goa,2013-03-31,
Goa,2013-06-30,
Goa,2013-09-30,
Goa,2013-12-31,
Goa,2014-03-31,
Goa,2014-06-30,
Goa,2014-09-30,
Goa,2014-12-31,
Goa,2015-03-31,0.0
Goa,2015-06-30,5.944666666666666e-05
Goa,2015-09-30,0.00018875000000000003
Goa,2015-12-31,2.3749999999999998e-05
Goa,2016-03-31,
Goa,2016-06-30,
Goa,2016-09-30,
Goa,2016-12-31,
Goa,2017-03-31,
Goa,2017-06-30,
Goa,2017-09-30,
Goa,2017-12-31,
Goa,2018-03-31,
Goa,2018-06-30,
Goa,2018-09-30,
Goa,2018-12-31,
Goa,2019-03-31,0.0
Goa,2019-06-30,4.2041666666666674e-05
Goa,2019-09-30,0.00019488333333333335
Goa,2019-12-31,2.5549999999999998e-05
Gujarat,2001-03-31,2.0097013333333333e-09
Gujarat,2001-06-30,6.780109598666668e-06
Gujarat,2001-09-30,0.00011151199999999999
Gujarat,2001-12-31,2.191095733333333e-06
Gujarat,2002-03-31,
Gujarat,2002-06-30,
Gujarat,2002-09-30,
Gujarat,2002-12-31,
Gujarat,2003-03-31,
Gujarat,2003-06-30,
Gujarat,2003-09-30,
Gujarat,2003-12-31,
Gujarat,2004-03-31,
Gujarat,2004-06-30,
Gujarat,2004-09-30,
Gujarat,2004-12-31,
Gujarat,2005-03-31,
Gujarat,2005-06-30,
Gujarat,2005-09-30,
Gujarat,2005-12-31,
Gujarat,2006-03-31,3.3612933333333325e-09
Gujarat,2006-06-30,2.926636666666667e-06
Gujarat,2006-09-30,6.871733333333332e-05
Gujarat,2006-12-31,3.896057279999999e-06
Gujarat,2007-03-31,
Gujarat,2007-06-30,
Gujarat,2007-09-30,
Gujarat,2007-12-31,
Gujarat,2008-03-31,
Gujarat,2008-06-30,
Gujarat,2008-09-30,
Gujarat,2008-12-31,
Gujarat,2009-03-31,
Gujarat,2009-06-30,
Gujarat,2009-09-30,
Gujarat,2009-12-31,
Gujarat,2010-03-31,
Gujarat,2010-06-30,
Gujarat,2010-09-30,
Gujarat,2010-12-31,
Gujarat,2011-03-31,1.911104e-08
Gujarat,2011-06-30,5.9609843999999995e-06
Gujarat,2011-09-30,8.042133333333333e-05
Gujarat,2011-12-31,6.536520039999999e-06
Gujarat,2012-03-31,
Gujarat,2012-06-30,
Gujarat,2012-09-30,
Gujarat,2012-12-31,
Gujarat,2013-03-31,
Gujarat,2013-06-30,
Gujarat,2013-09-30,
Gujarat,2013-12-31,
Gujarat,2014-03-31,
Gujarat,2014-06-30,
Gujarat,2014-09-30,
Gujarat,2014-12-31,
Gujarat,2015-03-31,5.582999999999999e-09
Gujarat,2015-06-30,6.1338418666666646e-06
Gujarat,2015-09-30,7.796933333333333e-05
Gujarat,2015-12-31,8.273776336000001e-06
Gujarat,2016-03-31,
Gujarat,2016-06-30,
Gujarat,2016-09-30,
Gujarat,2016-12-31,
Gujarat,2017-03-31,
Gujarat,2017-06-30,
Gujarat,2017-09-30,
Gujarat,2017-12-31,
Gujarat,2018-03-31,
Gujarat,2018-06-30,
Gujarat,2018-09-30,
Gujarat,2018-12-31,
Gujarat,2019-03-31,2.7898800000000003e-09
Gujarat,2019-06-30,1.4314742933333336e-05
Gujarat,2019-09-30,8.553733333333333e-05
Gujarat,2019-12-31,4.757166934666668e-06
Haryana,2001-03-31,1.838028070175438e-06
Haryana,2001-06-30,7.692547368421051e-06
Haryana,2001-09-30,7.207368421052633e-05
Haryana,2001-12-31,8.833701754385964e-07
Haryana,2002-03-31,
Haryana,2002-06-30,
Haryana,2002-09-30,
Haryana,2002-12-31,
Haryana,2003-03-31,
Haryana,2003-06-30,
Haryana,2003-09-30,
Haryana,2003-12-31,
Haryana,2004-03-31,
Haryana,2004-06-30,
Haryana,2004-09-30,
Haryana,2004-12-31,
Haryana,2005-03-31,
Haryana,2005-06-30,
Haryana,2005-09-30,
Haryana,2005-12-31,
Haryana,2006-03-31,4.080491228070176e-06
Haryana,2006-06-30,2.55382571754386e-06
Haryana,2006-09-30,7.301052631578947e-05
Haryana,2006-12-31,4.930912280701754e-07
Haryana,2007-03-31,
Haryana,2007-06-30,
Haryana,2007-09-30,
Haryana,2007-12-31,
Haryana,2008-03-31,
Haryana,2008-06-30,
Haryana,2008-09-30,
Haryana,2008-12-31,
Haryana,2009-03-31,
Haryana,2009-06-30,
Haryana,2009-09-30,
Haryana,2009-12-31,
Haryana,2010-03-31,
Haryana,2010-06-30,
Haryana,2010-09-30,
Haryana,2010-12-31,
Haryana,2011-03-31,5.728122807017543e-06
Haryana,2011-06-30,1.8125727543859644e-06
Haryana,2011-09-30,7.212456140350878e-05
Haryana,2011-12-31,1.0673556140350878e-06
Haryana,2012-03-31,
Haryana,2012-06-30,
Haryana,2012-09-30,
Haryana,2012-12-31,
Haryana,2013-03-31,
Haryana,2013-06-30,
Haryana,2013-09-30,
Haryana,2013-12-31,
Haryana,2014-03-31,
Haryana,2014-06-30,
Haryana,2014-09-30,
Haryana,2014-12-31,
Haryana,2015-03-31,3.734819298245614e-06
Haryana,2015-06-30,4.764534912280702e-06
Haryana,2015-09-30,7.198421052631578e-05
Haryana,2015-12-31,1.076678947368421e-06
Haryana,2016-03-31,
Haryana,2016-06-30,
Haryana,2016-09-30,
Haryana,2016-12-31,
Haryana,2017-03-31,
Haryana,2017-06-30,
Haryana,2017-09-30,
Haryana,2017-12-31,
Haryana,2018-03-31,
Haryana,2018-06-30,
Haryana,2018-09-30,
Haryana,2018-12-31,
Haryana,2019-03-31,3.2033333333333337e-06
Haryana,2019-06-30,5.344693157894736e-06
Haryana,2019-09-30,5.3903508771929834e-05
Haryana,2019-12-31,3.671821052631579e-07
Himachal Pradesh,2001-03-31,7.476111111111111e-06
Himachal Pradesh,2001-06-30,1.5885555555555553e-05
Himachal Pradesh,2001-09-30,7.640277777777778e-05
Himachal Pradesh,2001-12-31,4.49905033888889e-06
Himachal Pradesh,2002-03-31,
Himachal Pradesh,2002-06-30,
Himachal Pradesh,2002-09-30,
Himachal Pradesh,2002-12-31,
Himachal Pradesh,2003-03-31,
Himachal Pradesh,2003-06-30,
Himachal Pradesh,2003-09-30,
Himachal Pradesh,2003-12-31,
Himachal Pradesh,2004-03-31,
Himachal Pradesh,2004-06-30,
Himachal Pradesh,2004-09-30,
Himachal Pradesh,2004-12-31,
Himachal Pradesh,2005-03-31,
Himachal Pradesh,2005-06-30,
Himachal Pradesh,2005-09-30,
Himachal Pradesh,2005-12-31,
Himachal Pradesh,2006-03-31,1.1697583333333333e-05
Himachal Pradesh,2006-06-30,1.2974916666666668e-05
Himachal Pradesh,2006-09-30,6.184722222222224e-05
Himachal Pradesh,2006-12-31,1.786512611111111e-05
Himachal Pradesh,2007-03-31,
Himachal Pradesh,2007-06-30,
Himachal Pradesh,2007-09-30,
Himachal Pradesh,2007-12-31,
Himachal Pradesh,2008-03-31,
Himachal Pradesh,2008-06-30,
Himachal Pradesh,2008-09-30,
Himachal Pradesh,2008-12-31,
Himachal Pradesh,2009-03-31,
Himachal Pradesh,2009-06-30,
Himachal Pradesh,2009-09-30,
Himachal Pradesh,2009-12-31,
Himachal Pradesh,2010-03-31,
Himachal Pradesh,2010-06-30,
Himachal Pradesh,2010-09-30,
Himachal Pradesh,2010-12-31,
Himachal Pradesh,2011-03-31,1.8033055555555556e-05
Himachal Pradesh,2011-06-30,5.910472222222222e-06
Himachal Pradesh,2011-09-30,4.5661111111111104e-05
Himachal Pradesh,2011-12-31,2.0445467069444442e-05
Himachal Pradesh,2012-03-31,
Himachal Pradesh,2012-06-30,
Himachal Pradesh,2012-09-30,
Himachal Pradesh,2012-12-31,
Himachal Pradesh,2013-03-31,
Himachal Pradesh,2013-06-30,
Himachal Pradesh,2013-09-30,
Himachal Pradesh,2013-12-31,
Himachal Pradesh,2014-03-31,
Himachal Pradesh,2014-06-30,
Himachal Pradesh,2014-09-30,
Himachal Pradesh,2014-12-31,
Himachal Pradesh,2015-03-31,1.0255555555555555e-05
Himachal Pradesh,2015-06-30,1.9517777777777777e-05
Himachal Pradesh,2015-09-30,5.66e-05
Himachal Pradesh,2015-12-31,2.1052423224999996e-05
Himachal Pradesh,2016-03-31,
Himachal Pradesh,2016-06-30,
Himachal Pradesh,2016-09-30,
Himachal Pradesh,2016-12-31,
Himachal Pradesh,2017-03-31,
Himachal Pradesh,2017-06-30,
Himachal Pradesh,2017-09-30,
Himachal Pradesh,2017-12-31,
Himachal Pradesh,2018-03-31,
Himachal Pradesh,2018-06-30,
Himachal Pradesh,2018-09-30,
Himachal Pradesh,2018-12-31,
Himachal Pradesh,2019-03-31,9.931944444444443e-06
Himachal Pradesh,2019-06-30,1.3459722222222225e-05
Himachal Pradesh,2019-09-30,6.387222222222222e-05
Himachal Pradesh,2019-12-31,1.97010974125e-05
Jammu and Kashmir,2001-03-31,1.4406666666666667e-05
Jammu and Kashmir,2001-06-30,2.0028444444444445e-05
Jammu and Kashmir,2001-09-30,4.638e-05
Jammu and Kashmir,2001-12-31,1.1143466666666666e-05
Jammu and Kashmir,2002-03-31,
Jammu and Kashmir,2002-06-30,
Jammu and Kashmir,2002-09-30,
Jammu and Kashmir,2002-12-31,
Jammu and Kashmir,2003-03-31,
Jammu and Kashmir,2003-06-30,
Jammu and Kashmir,2003-09-30,
Jammu and Kashmir,2003-12-31,
Jammu and Kashmir,2004-03-31,
Jammu and Kashmir,2004-06-30,
Jammu and Kashmir,2004-09-30,
Jammu and Kashmir,2004-12-31,
Jammu and Kashmir,2005-03-31,
Jammu and Kashmir,2005-06-30,
Jammu and Kashmir,2005-09-30,
Jammu and Kashmir,2005-12-31,
Jammu and Kashmir,2006-03-31,1.983671111111111e-05
Jammu and Kashmir,2006-06-30,1.8175777777777775e-05
Jammu and Kashmir,2006-09-30,2.6011333333333326e-05
Jammu and Kashmir,2006-12-31,6.43971111111111e-06
Jammu and Kashmir,2007-03-31,
Jammu and Kashmir,2007-06-30,
Jammu and Kashmir,2007-09-30,
Jammu and Kashmir,2007-12-31,
Jammu and Kashmir,2008-03-31,
Jammu and Kashmir,2008-06-30,
Jammu and Kashmir,2008-09-30,
Jammu and Kashmir,2008-12-31,
Jammu and Kashmir,2009-03-31,
Jammu and Kashmir,2009-06-30,
Jammu and Kashmir,2009-09-30,
Jammu and Kashmir,2009-12-31,
Jammu and Kashmir,2010-03-31,
Jammu and Kashmir,2010-06-30,
Jammu and Kashmir,2010-09-30,
Jammu and Kashmir,2010-12-31,
Jammu and Kashmir,2011-03-31,2.0767111111111112e-05
Jammu and Kashmir,2011-06-30,1.0946888888888888e-05
Jammu and Kashmir,2011-09-30,2.2890000000000003e-05
Jammu and Kashmir,2011-12-31,8.792222222222223e-06
Jammu and Kashmir,2012-03-31,
Jammu and Kashmir,2012-06-30,
Jammu and Kashmir,2012-09-30,
Jammu and Kashmir,2012-12-31,
Jammu and Kashmir,2013-03-31,
Jammu and Kashmir,2013-06-30,
Jammu and Kashmir,2013-09-30,
Jammu and Kashmir,2013-12-31,
Jammu and Kashmir,2014-03-31,
Jammu and Kashmir,2014-06-30,
Jammu and Kashmir,2014-09-30,
Jammu and Kashmir,2014-12-31,
Jammu and Kashmir,2015-03-31,1.5396444444444446e-05
Jammu and Kashmir,2015-06-30,1.997622222222222e-05
Jammu and Kashmir,2015-09-30,2.6539555555555553e-05
Jammu and Kashmir,2015-12-31,5.777866666666667e-06
Jammu and Kashmir,2016-03-31,
Jammu and Kashmir,2016-06-30,
Jammu and Kashmir,2016-09-30,
Jammu and Kashmir,2016-12-31,
Jammu and Kashmir,2017-03-31,
Jammu and Kashmir,2017-06-30,
Jammu and Kashmir,2017-09-30,
Jammu and Kashmir,2017-12-31,
Jammu and Kashmir,2018-03-31,
Jammu and Kashmir,2018-06-30,
Jammu and Kashmir,2018-09-30,
Jammu and Kashmir,2018-12-31,
Jammu and Kashmir,2019-03-31,1.8020666666666665e-05
Jammu and Kashmir,2019-06-30,2.1085333333333336e-05
Jammu and Kashmir,2019-09-30,2.7205555555555557e-05
Jammu and Kashmir,2019-12-31,4.771933333333333e-06
Jharkhand,2001-03-31,5.7728703703703695e-06
Jharkhand,2001-06-30,2.0619370370370373e-05
Jharkhand,2001-09-30,9.335370370370372e-05
Jharkhand,2001-12-31,1.2427629629629631e-05
Jharkhand,2002-03-31,
Jharkhand,2002-06-30,
Jharkhand,2002-09-30,
Jharkhand,2002-12-31,
Jharkhand,2003-03-31,
Jharkhand,2003-06-30,
Jharkhand,2003-09-30,
Jharkhand,2003-12-31,
Jharkhand,2004-03-31,
Jharkhand,2004-06-30,
Jharkhand,2004-09-30,
Jharkhand,2004-12-31,
Jharkhand,2005-03-31,
Jharkhand,2005-06-30,
Jharkhand,2005-09-30,
Jharkhand,2005-12-31,
Jharkhand,2006-03-31,1.4963801851851853e-06
Jharkhand,2006-06-30,2.4868999999999995e-05
Jharkhand,2006-09-30,9.123518518518518e-05
Jharkhand,2006-12-31,3.2052240740740735e-05
Jharkhand,2007-03-31,
Jharkhand,2007-06-30,
Jharkhand,2007-09-30,
Jharkhand,2007-12-31,
Jharkhand,2008-03-31,
Jharkhand,2008-06-30,
Jharkhand,2008-09-30,
Jharkhand,2008-12-31,
Jharkhand,2009-03-31,
Jharkhand,2009-06-30,
Jharkhand,2009-09-30,
Jharkhand,2009-12-31,
Jharkhand,2010-03-31,
Jharkhand,2010-06-30,
Jharkhand,2010-09-30,
Jharkhand,2010-12-31,
Jharkhand,2011-03-31,1.152898148148148e-06
Jharkhand,2011-06-30,1.4591499999999999e-05
Jharkhand,2011-09-30,8.531296296296295e-05
Jharkhand,2011-12-31,3.143235185185185e-05
Jharkhand,2012-03-31,
Jharkhand,2012-06-30,
Jharkhand,2012-09-30,
Jharkhand,2012-12-31,
Jharkhand,2013-03-31,
Jharkhand,2013-06-30,
Jharkhand,2013-09-30,
Jharkhand,2013-12-31,
Jharkhand,2014-03-31,
Jharkhand,2014-06-30,
Jharkhand,2014-09-30,
Jharkhand,2014-12-31,
Jharkhand,2015-03-31,1.3408435185185185e-06
Jharkhand,2015-06-30,3.41545e-05
Jharkhand,2015-09-30,9.789814814814813e-05
Jharkhand,2015-12-31,2.8503222222222223e-05
Jharkhand,2016-03-31,
Jharkhand,2016-06-30,
Jharkhand,2016-09-30,
Jharkhand,2016-12-31,
Jharkhand,2017-03-31,
Jharkhand,2017-06-30,
Jharkhand,2017-09-30,
Jharkhand,2017-12-31,
Jharkhand,2018-03-31,
Jharkhand,2018-06-30,
Jharkhand,2018-09-30,
Jharkhand,2018-12-31,
Jharkhand,2019-03-31,4.85525e-07
Jharkhand,2019-06-30,2.0405962962962966e-05
Jharkhand,2019-09-30,9.087962962962962e-05
Jharkhand,2019-12-31,3.436387777777779e-05
Karnataka,2001-03-31,3.074756444444444e-08
Karnataka,2001-06-30,2.2355308641975308e-05
Karnataka,2001-09-30,8.025555555555555e-05
Karnataka,2001-12-31,2.61185455308642e-05
Karnataka,2002-03-31,
Karnataka,2002-06-30,
Karnataka,2002-09-30,
Karnataka,2002-12-31,
Karnataka,2003-03-31,
Karnataka,2003-06-30,
Karnataka,2003-09-30,
Karnataka,2003-12-31,
Karnataka,2004-03-31,
Karnataka,2004-06-30,
Karnataka,2004-09-30,
Karnataka,2004-12-31,
Karnataka,2005-03-31,
Karnataka,2005-06-30,
Karnataka,2005-09-30,
Karnataka,2005-12-31,
Karnataka,2006-03-31,1.1713414814814813e-08
Karnataka,2006-06-30,2.3504604938271605e-05
Karnataka,2006-09-30,8.932839506172839e-05
Karnataka,2006-12-31,2.8698044580246913e-05
Karnataka,2007-03-31,
Karnataka,2007-06-30,
Karnataka,2007-09-30,
Karnataka,2007-12-31,
Karnataka,2008-03-31,
Karnataka,2008-06-30,
Karnataka,2008-09-30,
Karnataka,2008-12-31,
Karnataka,2009-03-31,
Karnataka,2009-06-30,
Karnataka,2009-09-30,
Karnataka,2009-12-31,
Karnataka,2010-03-31,
Karnataka,2010-06-30,
Karnataka,2010-09-30,
Karnataka,2010-12-31,
Karnataka,2011-03-31,2.9541679012345678e-08
Karnataka,2011-06-30,2.313545679012346e-05
Karnataka,2011-09-30,8.781481481481482e-05
Karnataka,2011-12-31,2.8059667851851848e-05
Karnataka,2012-03-31,
Karnataka,2012-06-30,
Karnataka,2012-09-30,
Karnataka,2012-12-31,
Karnataka,2013-03-31,
Karnataka,2013-06-30,
Karnataka,2013-09-30,
Karnataka,2013-12-31,
Karnataka,2014-03-31,
Karnataka,2014-06-30,
Karnataka,2014-09-30,
Karnataka,2014-12-31,
Karnataka,2015-03-31,1.7851481481481486e-08
Karnataka,2015-06-30,2.6964691358024687e-05
Karnataka,2015-09-30,6.984074074074074e-05
Karnataka,2015-12-31,3.3637439333333334e-05
Karnataka,2016-03-31,
Karnataka,2016-06-30,
Karnataka,2016-09-30,
Karnataka,2016-12-31,
Karnataka,2017-03-31,
Karnataka,2017-06-30,
Karnataka,2017-09-30,
Karnataka,2017-12-31,
Karnataka,2018-03-31,
Karnataka,2018-06-30,
Karnataka,2018-09-30,
Karnataka,2018-12-31,
Karnataka,2019-03-31,2.1198012345679012e-08
Karnataka,2019-06-30,2.2065061728395063e-05
Karnataka,2019-09-30,7.910493827160495e-05
Karnataka,2019-12-31,2.125381520987654e-05
Kerala,2001-03-31,3.5291428571428573e-06
Kerala,2001-06-30,6.938333333333333e-05
Kerala,2001-09-30,0.00014041190476190475
Kerala,2001-12-31,6.843261904761905e-05
Kerala,2002-03-31,
Kerala,2002-06-30,
Kerala,2002-09-30,
Kerala,2002-12-31,
Kerala,2003-03-31,
Kerala,2003-06-30,
Kerala,2003-09-30,
Kerala,2003-12-31,
Kerala,2004-03-31,
Kerala,2004-06-30,
Kerala,2004-09-30,
Kerala,2004-12-31,
Kerala,2005-03-31,
Kerala,2005-06-30,
Kerala,2005-09-30,
Kerala,2005-12-31,
Kerala,2006-03-31,6.856076476190476e-06
Kerala,2006-06-30,6.092142857142858e-05
Kerala,2006-09-30,0.00014247857142857143
Kerala,2006-12-31,5.94545238095238e-05
Kerala,2007-03-31,
Kerala,2007-06-30,
Kerala,2007-09-30,
Kerala,2007-12-31,
Kerala,2008-03-31,
Kerala,2008-06-30,
Kerala,2008-09-30,
Kerala,2008-12-31,
Kerala,2009-03-31,
Kerala,2009-06-30,
Kerala,2009-09-30,
Kerala,2009-12-31,
Kerala,2010-03-31,
Kerala,2010-06-30,
Kerala,2010-09-30,
Kerala,2010-12-31,
Kerala,2011-03-31,6.406981666666667e-06
Kerala,2011-06-30,7.193833333333334e-05
Kerala,2011-09-30,0.00015723809523809524
Kerala,2011-12-31,5.400738095238095e-05
Kerala,2012-03-31,
Kerala,2012-06-30,
Kerala,2012-09-30,
Kerala,2012-12-31,
Kerala,2013-03-31,
Kerala,2013-06-30,
Kerala,2013-09-30,
Kerala,2013-12-31,
Kerala,2014-03-31,
Kerala,2014-06-30,
Kerala,2014-09-30,
Kerala,2014-12-31,
Kerala,2015-03-31,8.164158738095236e-06
Kerala,2015-06-30,6.498380952380953e-05
Kerala,2015-09-30,0.00013059999999999998
Kerala,2015-12-31,6.10854761904762e-05
Kerala,2016-03-31,
Kerala,2016-06-30,
Kerala,2016-09-30,
Kerala,2016-12-31,
Kerala,2017-03-31,
Kerala,2017-06-30,
Kerala,2017-09-30,
Kerala,2017-12-31,
Kerala,2018-03-31,
Kerala,2018-06-30,
Kerala,2018-09-30,
Kerala,2018-12-31,
Kerala,2019-03-31,8.238103785714286e-06
Kerala,2019-06-30,6.294523809523809e-05
Kerala,2019-09-30,0.0001536309523809524
Kerala,2019-12-31,4.5755952380952386e-05
Lakshadweep,2001-03-31,1.4269999999999999e-05
Lakshadweep,2001-06-30,2.9666666666666665e-05
Lakshadweep,2001-09-30,3.463333333333333e-05
Lakshadweep,2001-12-31,4.116666666666667e-05
Lakshadweep,2002-03-31,
Lakshadweep,2002-06-30,
Lakshadweep,2002-09-30,
Lakshadweep,2002-12-31,
Lakshadweep,2003-03-31,
Lakshadweep,2003-06-30,
Lakshadweep,2003-09-30,
Lakshadweep,2003-12-31,
Lakshadweep,2004-03-31,
Lakshadweep,2004-06-30,
Lakshadweep,2004-09-30,
Lakshadweep,2004-12-31,
Lakshadweep,2005-03-31,
Lakshadweep,2005-06-30,
Lakshadweep,2005-09-30,
Lakshadweep,2005-12-31,
Lakshadweep,2006-03-31,9.866666666666667e-06
Lakshadweep,2006-06-30,2.6500000000000004e-05
Lakshadweep,2006-09-30,4.02e-05
Lakshadweep,2006-12-31,4.0533333333333334e-05
Lakshadweep,2007-03-31,
Lakshadweep,2007-06-30,
Lakshadweep,2007-09-30,
Lakshadweep,2007-12-31,
Lakshadweep,2008-03-31,
Lakshadweep,2008-06-30,
Lakshadweep,2008-09-30,
Lakshadweep,2008-12-31,
Lakshadweep,2009-03-31,
Lakshadweep,2009-06-30,
Lakshadweep,2009-09-30,
Lakshadweep,2009-12-31,
Lakshadweep,2010-03-31,
Lakshadweep,2010-06-30,
Lakshadweep,2010-09-30,
Lakshadweep,2010-12-31,
Lakshadweep,2011-03-31,1.9203333333333333e-05
Lakshadweep,2011-06-30,3.233333333333333e-05
Lakshadweep,2011-09-30,3.933333333333334e-05
Lakshadweep,2011-12-31,4.09e-05
Lakshadweep,2012-03-31,
Lakshadweep,2012-06-30,
Lakshadweep,2012-09-30,
Lakshadweep,2012-12-31,
Lakshadweep,2013-03-31,
Lakshadweep,2013-06-30,
Lakshadweep,2013-09-30,
Lakshadweep,2013-12-31,
Lakshadweep,2014-03-31,
Lakshadweep,2014-06-30,
Lakshadweep,2014-09-30,
Lakshadweep,2014-12-31,
Lakshadweep,2015-03-31,1.766e-05
Lakshadweep,2015-06-30,2.96e-05
Lakshadweep,2015-09-30,3.403333333333333e-05
Lakshadweep,2015-12-31,4.146666666666666e-05
Lakshadweep,2016-03-31,
Lakshadweep,2016-06-30,
Lakshadweep,2016-09-30,
Lakshadweep,2016-12-31,
Lakshadweep,2017-03-31,
Lakshadweep,2017-06-30,
Lakshadweep,2017-09-30,
Lakshadweep,2017-12-31,
Lakshadweep,2018-03-31,
Lakshadweep,2018-06-30,
Lakshadweep,2018-09-30,
Lakshadweep,2018-12-31,
Lakshadweep,2019-03-31,1.8700000000000004e-05
Lakshadweep,2019-06-30,2.6006666666666663e-05
Lakshadweep,2019-09-30,4.4099999999999995e-05
Lakshadweep,2019-12-31,3.6866666666666664e-05
Madhya Pradesh,2001-03-31,1.2616926251851853e-06
Madhya Pradesh,2001-06-30,7.63291574074074e-06
Madhya Pradesh,2001-09-30,0.00010844592592592593
Madhya Pradesh,2001-12-31,4.476446740740743e-06
Madhya Pradesh,2002-03-31,
Madhya Pradesh,2002-06-30,
Madhya Pradesh,2002-09-30,
Madhya Pradesh,2002-12-31,
Madhya Pradesh,2003-03-31,
Madhya Pradesh,2003-06-30,
Madhya Pradesh,2003-09-30,
Madhya Pradesh,2003-12-31,
Madhya Pradesh,2004-03-31,
Madhya Pradesh,2004-06-30,
Madhya Pradesh,2004-09-30,
Madhya Pradesh,2004-12-31,
Madhya Pradesh,2005-03-31,
Madhya Pradesh,2005-06-30,
Madhya Pradesh,2005-09-30,
Madhya Pradesh,2005-12-31,
Madhya Pradesh,2006-03-31,1.7947094007407406e-06
Madhya Pradesh,2006-06-30,4.923439769629628e-06
Madhya Pradesh,2006-09-30,0.00010714666666666666
Madhya Pradesh,2006-12-31,1.4950011777777773e-05
Madhya Pradesh,2007-03-31,
Madhya Pradesh,2007-06-30,
Madhya Pradesh,2007-09-30,
Madhya Pradesh,2007-12-31,
Madhya Pradesh,2008-03-31,
Madhya Pradesh,2008-06-30,
Madhya Pradesh,2008-09-30,
Madhya Pradesh,2008-12-31,
Madhya Pradesh,2009-03-31,
Madhya Pradesh,2009-06-30,
Madhya Pradesh,2009-09-30,
Madhya Pradesh,2009-12-31,
Madhya Pradesh,2010-03-31,
Madhya Pradesh,2010-06-30,
Madhya Pradesh,2010-09-30,
Madhya Pradesh,2010-12-31,
Madhya Pradesh,2011-03-31,1.5449866666666665e-06
Madhya Pradesh,2011-06-30,1.0049046777777779e-05
Madhya Pradesh,2011-09-30,0.00011062370370370372
Madhya Pradesh,2011-12-31,1.8350967497525924e-05
Madhya Pradesh,2012-03-31,
Madhya Pradesh,2012-06-30,
Madhya Pradesh,2012-09-30,
Madhya Pradesh,2012-12-31,
Madhya Pradesh,2013-03-31,
Madhya Pradesh,2013-06-30,
Madhya Pradesh,2013-09-30,
Madhya Pradesh,2013-12-31,
Madhya Pradesh,2014-03-31,
Madhya Pradesh,2014-06-30,
Madhya Pradesh,2014-09-30,
Madhya Pradesh,2014-12-31,
Madhya Pradesh,2015-03-31,1.3961472074074075e-06
Madhya Pradesh,2015-06-30,9.163661385185183e-06
Madhya Pradesh,2015-09-30,0.00010235333333333332
Madhya Pradesh,2015-12-31,1.5218035955555557e-05
Madhya Pradesh,2016-03-31,
Madhya Pradesh,2016-06-30,
Madhya Pradesh,2016-09-30,
Madhya Pradesh,2016-12-31,
Madhya Pradesh,2017-03-31,
Madhya Pradesh,2017-06-30,
Madhya Pradesh,2017-09-30,
Madhya Pradesh,2017-12-31,
Madhya Pradesh,2018-03-31,
Madhya Pradesh,2018-06-30,
Madhya Pradesh,2018-09-30,
Madhya Pradesh,2018-12-31,
Madhya Pradesh,2019-03-31,1.6810352740740742e-06
Madhya Pradesh,2019-06-30,1.0175789935555561e-05
Madhya Pradesh,2019-09-30,8.762244444444445e-05
Madhya Pradesh,2019-12-31,9.92635722962963e-06
Maharashtra,2001-03-31,5.195520802857143e-07
Maharashtra,2001-06-30,1.5672854533333334e-05
Maharashtra,2001-09-30,0.00011241714285714285
Maharashtra,2001-12-31,1.3270716146285712e-05
Maharashtra,2002-03-31,
Maharashtra,2002-06-30,
Maharashtra,2002-09-30,
Maharashtra,2002-12-31,
Maharashtra,2003-03-31,
Maharashtra,2003-06-30,
Maharashtra,2003-09-30,
Maharashtra,2003-12-31,
Maharashtra,2004-03-31,
Maharashtra,2004-06-30,
Maharashtra,2004-09-30,
Maharashtra,2004-12-31,
Maharashtra,2005-03-31,
Maharashtra,2005-06-30,
Maharashtra,2005-09-30,
Maharashtra,2005-12-31,
Maharashtra,2006-03-31,5.491327142857143e-07
Maharashtra,2006-06-30,2.7582229295238095e-05
Maharashtra,2006-09-30,0.00010265428571428572
Maharashtra,2006-12-31,2.3130479574857142e-05
Maharashtra,2007-03-31,
Maharashtra,2007-06-30,
Maharashtra,2007-09-30,
Maharashtra,2007-12-31,
Maharashtra,2008-03-31,
Maharashtra,2008-06-30,
Maharashtra,2008-09-30,
Maharashtra,2008-12-31,
Maharashtra,2009-03-31,
Maharashtra,2009-06-30,
Maharashtra,2009-09-30,
Maharashtra,2009-12-31,
Maharashtra,2010-03-31,
Maharashtra,2010-06-30,
Maharashtra,2010-09-30,
Maharashtra,2010-12-31,
Maharashtra,2011-03-31,3.9646740952380954e-07
Maharashtra,2011-06-30,1.2487600476190478e-05
Maharashtra,2011-09-30,0.00010433904761904761
Maharashtra,2011-12-31,2.1216713355238088e-05
Maharashtra,2012-03-31,
Maharashtra,2012-06-30,
Maharashtra,2012-09-30,
Maharashtra,2012-12-31,
Maharashtra,2013-03-31,
Maharashtra,2013-06-30,
Maharashtra,2013-09-30,
Maharashtra,2013-12-31,
Maharashtra,2014-03-31,
Maharashtra,2014-06-30,
Maharashtra,2014-09-30,
Maharashtra,2014-12-31,
Maharashtra,2015-03-31,4.265403142857143e-07
Maharashtra,2015-06-30,1.753235116190476e-05
Maharashtra,2015-09-30,9.255238095238096e-05
Maharashtra,2015-12-31,2.1666183865714286e-05
Maharashtra,2016-03-31,
Maharashtra,2016-06-30,
Maharashtra,2016-09-30,
Maharashtra,2016-12-31,
Maharashtra,2017-03-31,
Maharashtra,2017-06-30,
Maharashtra,2017-09-30,
Maharashtra,2017-12-31,
Maharashtra,2018-03-31,
Maharashtra,2018-06-30,
Maharashtra,2018-09-30,
Maharashtra,2018-12-31,
Maharashtra,2019-03-31,4.97138419047619e-07
Maharashtra,2019-06-30,1.8686996342857143e-05
Maharashtra,2019-09-30,0.00010709523809523811
Maharashtra,2019-12-31,1.213774019047619e-05
Manipur,2001-03-31,1.0133962962962961e-05
Manipur,2001-06-30,0.00011412222222222222
Manipur,2001-09-30,0.00012072592592592592
Manipur,2001-12-31,5.1006259259259256e-05
Manipur,2002-03-31,
Manipur,2002-06-30,
Manipur,2002-09-30,
Manipur,2002-12-31,
Manipur,2003-03-31,
Manipur,2003-06-30,
Manipur,2003-09-30,
Manipur,2003-12-31,
Manipur,2004-03-31,
Manipur,2004-06-30,
Manipur,2004-09-30,
Manipur,2004-12-31,
Manipur,2005-03-31,
Manipur,2005-06-30,
Manipur,2005-09-30,
Manipur,2005-12-31,
Manipur,2006-03-31,6.619874074074074e-06
Manipur,2006-06-30,9.476296296296296e-05
Manipur,2006-09-30,0.0001622222222222222
Manipur,2006-12-31,2.9311814814814817e-05
Manipur,2007-03-31,
Manipur,2007-06-30,
Manipur,2007-09-30,
Manipur,2007-12-31,
Manipur,2008-03-31,
Manipur,2008-06-30,
Manipur,2008-09-30,
Manipur,2008-12-31,
Manipur,2009-03-31,
Manipur,2009-06-30,
Manipur,2009-09-30,
Manipur,2009-12-31,
Manipur,2010-03-31,
Manipur,2010-06-30,
Manipur,2010-09-30,
Manipur,2010-12-31,
Manipur,2011-03-31,8.957074074074073e-06
Manipur,2011-06-30,7.38111111111111e-05
Manipur,2011-09-30,0.0001564074074074074
Manipur,2011-12-31,2.7002222222222218e-05
Manipur,2012-03-31,
Manipur,2012-06-30,
Manipur,2012-09-30,
Manipur,2012-12-31,
Manipur,2013-03-31,
Manipur,2013-06-30,
Manipur,2013-09-30,
Manipur,2013-12-31,
Manipur,2014-03-31,
Manipur,2014-06-30,
Manipur,2014-09-30,
Manipur,2014-12-31,
Manipur,2015-03-31,2.5635429629629634e-05
Manipur,2015-06-30,8.352592592592592e-05
Manipur,2015-09-30,0.00018670370370370368
Manipur,2015-12-31,5.7267962962962956e-05
Manipur,2016-03-31,
Manipur,2016-06-30,
Manipur,2016-09-30,
Manipur,2016-12-31,
Manipur,2017-03-31,
Manipur,2017-06-30,
Manipur,2017-09-30,
Manipur,2017-12-31,
Manipur,2018-03-31,
Manipur,2018-06-30,
Manipur,2018-09-30,
Manipur,2018-12-31,
Manipur,2019-03-31,1.0156725925925925e-05
Manipur,2019-06-30,7.373703703703704e-05
Manipur,2019-09-30,0.00019848148148148147
Manipur,2019-12-31,5.063999999999999e-05
Meghalaya,2001-03-31,1.3625714285714283e-05
Meghalaya,2001-06-30,0.0001955238095238095
Meghalaya,2001-09-30,0.00019380000000000002
Meghalaya,2001-12-31,5.294669952380952e-05
Meghalaya,2002-03-31,
Meghalaya,2002-06-30,
Meghalaya,2002-09-30,
Meghalaya,2002-12-31,
Meghalaya,2003-03-31,
Meghalaya,2003-06-30,
Meghalaya,2003-09-30,
Meghalaya,2003-12-31,
Meghalaya,2004-03-31,
Meghalaya,2004-06-30,
Meghalaya,2004-09-30,
Meghalaya,2004-12-31,
Meghalaya,2005-03-31,
Meghalaya,2005-06-30,
Meghalaya,2005-09-30,
Meghalaya,2005-12-31,
Meghalaya,2006-03-31,3.913571428571429e-06
Meghalaya,2006-06-30,0.00022715238095238096
Meghalaya,2006-09-30,0.00032352380952380957
Meghalaya,2006-12-31,5.6128571428571435e-05
Meghalaya,2007-03-31,
Meghalaya,2007-06-30,
Meghalaya,2007-09-30,
Meghalaya,2007-12-31,
Meghalaya,2008-03-31,
Meghalaya,2008-06-30,
Meghalaya,2008-09-30,
Meghalaya,2008-12-31,
Meghalaya,2009-03-31,
Meghalaya,2009-06-30,
Meghalaya,2009-09-30,
Meghalaya,2009-12-31,
Meghalaya,2010-03-31,
Meghalaya,2010-06-30,
Meghalaya,2010-09-30,
Meghalaya,2010-12-31,
Meghalaya,2011-03-31,7.1226333333333345e-06
Meghalaya,2011-06-30,0.0001703952380952381
Meghalaya,2011-09-30,0.00026514285714285713
Meghalaya,2011-12-31,3.816129571428571e-05
Meghalaya,2012-03-31,
Meghalaya,2012-06-30,
Meghalaya,2012-09-30,
Meghalaya,2012-12-31,
Meghalaya,2013-03-31,
Meghalaya,2013-06-30,
Meghalaya,2013-09-30,
Meghalaya,2013-12-31,
Meghalaya,2014-03-31,
Meghalaya,2014-06-30,
Meghalaya,2014-09-30,
Meghalaya,2014-12-31,
Meghalaya,2015-03-31,2.0320952380952383e-05
Meghalaya,2015-06-30,0.00016524761904761903
Meghalaya,2015-09-30,0.0002871904761904762
Meghalaya,2015-12-31,6.766888104761905e-05
Meghalaya,2016-03-31,
Meghalaya,2016-06-30,
Meghalaya,2016-09-30,
Meghalaya,2016-12-31,
Meghalaya,2017-03-31,
Meghalaya,2017-06-30,
Meghalaya,2017-09-30,
Meghalaya,2017-12-31,
Meghalaya,2018-03-31,
Meghalaya,2018-06-30,
Meghalaya,2018-09-30,
Meghalaya,2018-12-31,
Meghalaya,2019-03-31,7.024761904761905e-06
Meghalaya,2019-06-30,0.0001432809523809524
Meghalaya,2019-09-30,0.000416
Meghalaya,2019-12-31,6.488884071428572e-05
Mizoram,2001-03-31,9.387908333333334e-06
Mizoram,2001-06-30,0.00015079166666666667
Mizoram,2001-09-30,0.00018220833333333335
Mizoram,2001-12-31,6.179583333333334e-05
Mizoram,2002-03-31,
Mizoram,2002-06-30,
Mizoram,2002-09-30,
Mizoram,2002-12-31,
Mizoram,2003-03-31,
Mizoram,2003-06-30,
Mizoram,2003-09-30,
Mizoram,2003-12-31,
Mizoram,2004-03-31,
Mizoram,2004-06-30,
Mizoram,2004-09-30,
Mizoram,2004-12-31,
Mizoram,2005-03-31,
Mizoram,2005-06-30,
Mizoram,2005-09-30,
Mizoram,2005-12-31,
Mizoram,2006-03-31,7.3195833333333335e-06
Mizoram,2006-06-30,8.771666666666665e-05
Mizoram,2006-09-30,0.000216375
Mizoram,2006-12-31,3.709166666666666e-05
Mizoram,2007-03-31,
Mizoram,2007-06-30,
Mizoram,2007-09-30,
Mizoram,2007-12-31,
Mizoram,2008-03-31,
Mizoram,2008-06-30,
Mizoram,2008-09-30,
Mizoram,2008-12-31,
Mizoram,2009-03-31,
Mizoram,2009-06-30,
Mizoram,2009-09-30,
Mizoram,2009-12-31,
Mizoram,2010-03-31,
Mizoram,2010-06-30,
Mizoram,2010-09-30,
Mizoram,2010-12-31,
Mizoram,2011-03-31,7.752208333333333e-06
Mizoram,2011-06-30,9.408749999999999e-05
Mizoram,2011-09-30,0.00021166666666666667
Mizoram,2011-12-31,3.179583333333334e-05
Mizoram,2012-03-31,
Mizoram,2012-06-30,
Mizoram,2012-09-30,
Mizoram,2012-12-31,
Mizoram,2013-03-31,
Mizoram,2013-06-30,
Mizoram,2013-09-30,
Mizoram,2013-12-31,
Mizoram,2014-03-31,
Mizoram,2014-06-30,
Mizoram,2014-09-30,
Mizoram,2014-12-31,
Mizoram,2015-03-31,2.6852916666666665e-05
Mizoram,2015-06-30,0.000100775
Mizoram,2015-09-30,0.00023812500000000003
Mizoram,2015-12-31,7.262083333333333e-05
Mizoram,2016-03-31,
Mizoram,2016-06-30,
Mizoram,2016-09-30,
Mizoram,2016-12-31,
Mizoram,2017-03-31,
Mizoram,2017-06-30,
Mizoram,2017-09-30,
Mizoram,2017-12-31,
Mizoram,2018-03-31,
Mizoram,2018-06-30,
Mizoram,2018-09-30,
Mizoram,2018-12-31,
Mizoram,2019-03-31,6.5691666666666655e-06
Mizoram,2019-06-30,0.00010350416666666666
Mizoram,2019-09-30,0.0002184583333333333
Mizoram,2019-12-31,4.739166666666667e-05
Nagaland,2001-03-31,1.1809583333333333e-05
Nagaland,2001-06-30,0.00010560833333333332
Nagaland,2001-09-30,9.070416666666666e-05
Nagaland,2001-12-31,4.1754041666666665e-05
Nagaland,2002-03-31,
Nagaland,2002-06-30,
Nagaland,2002-09-30,
Nagaland,2002-12-31,
Nagaland,2003-03-31,
Nagaland,2003-06-30,
Nagaland,2003-09-30,
Nagaland,2003-12-31,
Nagaland,2004-03-31,
Nagaland,2004-06-30,
Nagaland,2004-09-30,
Nagaland,2004-12-31,
Nagaland,2005-03-31,
Nagaland,2005-06-30,
Nagaland,2005-09-30,
Nagaland,2005-12-31,
Nagaland,2006-03-31,5.036125e-06
Nagaland,2006-06-30,9.480416666666667e-05
Nagaland,2006-09-30,0.0001699583333333333
Nagaland,2006-12-31,2.7462916666666664e-05
Nagaland,2007-03-31,
Nagaland,2007-06-30,
Nagaland,2007-09-30,
Nagaland,2007-12-31,
Nagaland,2008-03-31,
Nagaland,2008-06-30,
Nagaland,2008-09-30,
Nagaland,2008-12-31,
Nagaland,2009-03-31,
Nagaland,2009-06-30,
Nagaland,2009-09-30,
Nagaland,2009-12-31,
Nagaland,2010-03-31,
Nagaland,2010-06-30,
Nagaland,2010-09-30,
Nagaland,2010-12-31,
Nagaland,2011-03-31,7.951541666666667e-06
Nagaland,2011-06-30,6.196666666666668e-05
Nagaland,2011-09-30,0.00013954166666666664
Nagaland,2011-12-31,2.5912500000000003e-05
Nagaland,2012-03-31,
Nagaland,2012-06-30,
Nagaland,2012-09-30,
Nagaland,2012-12-31,
Nagaland,2013-03-31,
Nagaland,2013-06-30,
Nagaland,2013-09-30,
Nagaland,2013-12-31,
Nagaland,2014-03-31,
Nagaland,2014-06-30,
Nagaland,2014-09-30,
Nagaland,2014-12-31,
Nagaland,2015-03-31,1.1529583333333334e-05
Nagaland,2015-06-30,7.57375e-05
Nagaland,2015-09-30,0.00015590833333333336
Nagaland,2015-12-31,3.906583333333333e-05
Nagaland,2016-03-31,
Nagaland,2016-06-30,
Nagaland,2016-09-30,
Nagaland,2016-12-31,
Nagaland,2017-03-31,
Nagaland,2017-06-30,
Nagaland,2017-09-30,
Nagaland,2017-12-31,
Nagaland,2018-03-31,
Nagaland,2018-06-30,
Nagaland,2018-09-30,
Nagaland,2018-12-31,
Nagaland,2019-03-31,8.235875e-06
Nagaland,2019-06-30,6.227083333333333e-05
Nagaland,2019-09-30,0.00020508333333333335
Nagaland,2019-12-31,4.84075e-05
Orissa,2001-03-31,5.0166561111111116e-06
Orissa,2001-06-30,2.6534888888888887e-05
Orissa,2001-09-30,0.00011933
Orissa,2001-12-31,1.2247290734444445e-05
Orissa,2002-03-31,
Orissa,2002-06-30,
Orissa,2002-09-30,
Orissa,2002-12-31,
Orissa,2003-03-31,
Orissa,2003-06-30,
Orissa,2003-09-30,
Orissa,2003-12-31,
Orissa,2004-03-31,
Orissa,2004-06-30,
Orissa,2004-09-30,
Orissa,2004-12-31,
Orissa,2005-03-31,
Orissa,2005-06-30,
Orissa,2005-09-30,
Orissa,2005-12-31,
Orissa,2006-03-31,2.1429825555555558e-06
Orissa,2006-06-30,1.8735322222222225e-05
Orissa,2006-09-30,0.00010982333333333333
Orissa,2006-12-31,3.062250275111111e-05
Orissa,2007-03-31,
Orissa,2007-06-30,
Orissa,2007-09-30,
Orissa,2007-12-31,
Orissa,2008-03-31,
Orissa,2008-06-30,
Orissa,2008-09-30,
Orissa,2008-12-31,
Orissa,2009-03-31,
Orissa,2009-06-30,
Orissa,2009-09-30,
Orissa,2009-12-31,
Orissa,2010-03-31,
Orissa,2010-06-30,
Orissa,2010-09-30,
Orissa,2010-12-31,
Orissa,2011-03-31,1.2808926666666668e-06
Orissa,2011-06-30,1.576707777777778e-05
Orissa,2011-09-30,0.00011702333333333333
Orissa,2011-12-31,2.8454495509999998e-05
Orissa,2012-03-31,
Orissa,2012-06-30,
Orissa,2012-09-30,
Orissa,2012-12-31,
Orissa,2013-03-31,
Orissa,2013-06-30,
Orissa,2013-09-30,
Orissa,2013-12-31,
Orissa,2014-03-31,
Orissa,2014-06-30,
Orissa,2014-09-30,
Orissa,2014-12-31,
Orissa,2015-03-31,3.798309555555556e-06
Orissa,2015-06-30,2.575369e-05
Orissa,2015-09-30,0.0001095511111111111
Orissa,2015-12-31,3.1480480565555554e-05
Orissa,2016-03-31,
Orissa,2016-06-30,
Orissa,2016-09-30,
Orissa,2016-12-31,
Orissa,2017-03-31,
Orissa,2017-06-30,
Orissa,2017-09-30,
Orissa,2017-12-31,
Orissa,2018-03-31,
Orissa,2018-06-30,
Orissa,2018-09-30,
Orissa,2018-12-31,
Orissa,2019-03-31,1.3715796666666667e-06
Orissa,2019-06-30,2.781856555555556e-05
Orissa,2019-09-30,0.00011285666666666667
Orissa,2019-12-31,2.7739840477777775e-05
Puducherry,2001-03-31,1.6992499999999999e-06
Puducherry,2001-06-30,2.6402500000000003e-05
Puducherry,2001-09-30,9.002499999999999e-05
Puducherry,2001-12-31,9.014166666666667e-05
Puducherry,2002-03-31,
Puducherry,2002-06-30,
Puducherry,2002-09-30,
Puducherry,2002-12-31,
Puducherry,2003-03-31,
Puducherry,2003-06-30,
Puducherry,2003-09-30,
Puducherry,2003-12-31,
Puducherry,2004-03-31,
Puducherry,2004-06-30,
Puducherry,2004-09-30,
Puducherry,2004-12-31,
Puducherry,2005-03-31,
Puducherry,2005-06-30,
Puducherry,2005-09-30,
Puducherry,2005-12-31,
Puducherry,2006-03-31,4.565833333333334e-06
Puducherry,2006-06-30,2.43925e-05
Puducherry,2006-09-30,8.943333333333336e-05
Puducherry,2006-12-31,8.613333333333333e-05
Puducherry,2007-03-31,
Puducherry,2007-06-30,
Puducherry,2007-09-30,
Puducherry,2007-12-31,
Puducherry,2008-03-31,
Puducherry,2008-06-30,
Puducherry,2008-09-30,
Puducherry,2008-12-31,
Puducherry,2009-03-31,
Puducherry,2009-06-30,
Puducherry,2009-09-30,
Puducherry,2009-12-31,
Puducherry,2010-03-31,
Puducherry,2010-06-30,
Puducherry,2010-09-30,
Puducherry,2010-12-31,
Puducherry,2011-03-31,3.058333333333333e-06
Puducherry,2011-06-30,2.904833333333333e-05
Puducherry,2011-09-30,9.990833333333333e-05
Puducherry,2011-12-31,8.857499999999998e-05
Puducherry,2012-03-31,
Puducherry,2012-06-30,
Puducherry,2012-09-30,
Puducherry,2012-12-31,
Puducherry,2013-03-31,
Puducherry,2013-06-30,
Puducherry,2013-09-30,
Puducherry,2013-12-31,
Puducherry,2014-03-31,
Puducherry,2014-06-30,
Puducherry,2014-09-30,
Puducherry,2014-12-31,
Puducherry,2015-03-31,3.230833333333333e-06
Puducherry,2015-06-30,2.6632500000000003e-05
Puducherry,2015-09-30,7.883333333333333e-05
Puducherry,2015-12-31,9.955833333333333e-05
Puducherry,2016-03-31,
Puducherry,2016-06-30,
Puducherry,2016-09-30,
Puducherry,2016-12-31,
Puducherry,2017-03-31,
Puducherry,2017-06-30,
Puducherry,2017-09-30,
Puducherry,2017-12-31,
Puducherry,2018-03-31,
Puducherry,2018-06-30,
Puducherry,2018-09-30,
Puducherry,2018-12-31,
Puducherry,2019-03-31,3.005833333333333e-06
Puducherry,2019-06-30,2.9107500000000002e-05
Puducherry,2019-09-30,0.00010909166666666667
Puducherry,2019-12-31,7.231666666666666e-05
Punjab,2001-03-31,3.203000000000001e-06
Punjab,2001-06-30,7.025647058823529e-06
Punjab,2001-09-30,6.958039215686274e-05
Punjab,2001-12-31,9.052075882352941e-07
Punjab,2002-03-31,
Punjab,2002-06-30,
Punjab,2002-09-30,
Punjab,2002-12-31,
Punjab,2003-03-31,
Punjab,2003-06-30,
Punjab,2003-09-30,
Punjab,2003-12-31,
Punjab,2004-03-31,
Punjab,2004-06-30,
Punjab,2004-09-30,
Punjab,2004-12-31,
Punjab,2005-03-31,
Punjab,2005-06-30,
Punjab,2005-09-30,
Punjab,2005-12-31,
Punjab,2006-03-31,5.443670588235295e-06
Punjab,2006-06-30,3.5274450980392157e-06
Punjab,2006-09-30,6.484117647058824e-05
Punjab,2006-12-31,2.4797882352941175e-06
Punjab,2007-03-31,
Punjab,2007-06-30,
Punjab,2007-09-30,
Punjab,2007-12-31,
Punjab,2008-03-31,
Punjab,2008-06-30,
Punjab,2008-09-30,
Punjab,2008-12-31,
Punjab,2009-03-31,
Punjab,2009-06-30,
Punjab,2009-09-30,
Punjab,2009-12-31,
Punjab,2010-03-31,
Punjab,2010-06-30,
Punjab,2010-09-30,
Punjab,2010-12-31,
Punjab,2011-03-31,7.270913725490196e-06
Punjab,2011-06-30,2.7392176470588236e-06
Punjab,2011-09-30,5.321313725490195e-05
Punjab,2011-12-31,1.3809970588235296e-06
Punjab,2012-03-31,
Punjab,2012-06-30,
Punjab,2012-09-30,
Punjab,2012-12-31,
Punjab,2013-03-31,
Punjab,2013-06-30,
Punjab,2013-09-30,
Punjab,2013-12-31,
Punjab,2014-03-31,
Punjab,2014-06-30,
Punjab,2014-09-30,
Punjab,2014-12-31,
Punjab,2015-03-31,5.008882352941176e-06
Punjab,2015-06-30,6.735290196078433e-06
Punjab,2015-09-30,5.585294117647059e-05
Punjab,2015-12-31,2.679263725490196e-06
Punjab,2016-03-31,
Punjab,2016-06-30,
Punjab,2016-09-30,
Punjab,2016-12-31,
Punjab,2017-03-31,
Punjab,2017-06-30,
Punjab,2017-09-30,
Punjab,2017-12-31,
Punjab,2018-03-31,
Punjab,2018-06-30,
Punjab,2018-09-30,
Punjab,2018-12-31,
Punjab,2019-03-31,5.400715686274509e-06
Punjab,2019-06-30,5.3823568627450975e-06
Punjab,2019-09-30,6.979411764705883e-05
Punjab,2019-12-31,2.145213843137255e-06
Rajasthan,2001-03-31,8.379133541666667e-08
Rajasthan,2001-06-30,3.069136465510418e-06
Rajasthan,2001-09-30,6.470364583333334e-05
Rajasthan,2001-12-31,8.126635e-07
Rajasthan,2002-03-31,
Rajasthan,2002-06-30,
Rajasthan,2002-09-30,
Rajasthan,2002-12-31,
Rajasthan,2003-03-31,
Rajasthan,2003-06-30,
Rajasthan,2003-09-30,
Rajasthan,2003-12-31,
Rajasthan,2004-03-31,
Rajasthan,2004-06-30,
Rajasthan,2004-09-30,
Rajasthan,2004-12-31,
Rajasthan,2005-03-31,
Rajasthan,2005-06-30,
Rajasthan,2005-09-30,
Rajasthan,2005-12-31,
Rajasthan,2006-03-31,9.464368749999999e-08
Rajasthan,2006-06-30,2.5372072205208333e-06
Rajasthan,2006-09-30,7.834145833333335e-05
Rajasthan,2006-12-31,2.355996041666667e-06
Rajasthan,2007-03-31,
Rajasthan,2007-06-30,
Rajasthan,2007-09-30,
Rajasthan,2007-12-31,
Rajasthan,2008-03-31,
Rajasthan,2008-06-30,
Rajasthan,2008-09-30,
Rajasthan,2008-12-31,
Rajasthan,2009-03-31,
Rajasthan,2009-06-30,
Rajasthan,2009-09-30,
Rajasthan,2009-12-31,
Rajasthan,2010-03-31,
Rajasthan,2010-06-30,
Rajasthan,2010-09-30,
Rajasthan,2010-12-31,
Rajasthan,2011-03-31,2.965215635416667e-07
Rajasthan,2011-06-30,3.5240357582708332e-06
Rajasthan,2011-09-30,6.402583333333333e-05
Rajasthan,2011-12-31,3.0999149687500005e-06
Rajasthan,2012-03-31,
Rajasthan,2012-06-30,
Rajasthan,2012-09-30,
Rajasthan,2012-12-31,
Rajasthan,2013-03-31,
Rajasthan,2013-06-30,
Rajasthan,2013-09-30,
Rajasthan,2013-12-31,
Rajasthan,2014-03-31,
Rajasthan,2014-06-30,
Rajasthan,2014-09-30,
Rajasthan,2014-12-31,
Rajasthan,2015-03-31,1.8864440937500002e-07
Rajasthan,2015-06-30,7.167755214625002e-06
Rajasthan,2015-09-30,5.8525312500000004e-05
Rajasthan,2015-12-31,2.7622799374999995e-06
Rajasthan,2016-03-31,
Rajasthan,2016-06-30,
Rajasthan,2016-09-30,
Rajasthan,2016-12-31,
Rajasthan,2017-03-31,
Rajasthan,2017-06-30,
Rajasthan,2017-09-30,
Rajasthan,2017-12-31,
Rajasthan,2018-03-31,
Rajasthan,2018-06-30,
Rajasthan,2018-09-30,
Rajasthan,2018-12-31,
Rajasthan,2019-03-31,1.99124783125e-07
Rajasthan,2019-06-30,4.147474270833333e-06
Rajasthan,2019-09-30,4.80996875e-05
Rajasthan,2019-12-31,1.8476613854166668e-06
Sikkim,2001-03-31,6.822750000000001e-06
Sikkim,2001-06-30,7.631666666666667e-05
Sikkim,2001-09-30,0.00012283333333333333
Sikkim,2001-12-31,2.4388249999999998e-05
Sikkim,2002-03-31,
Sikkim,2002-06-30,
Sikkim,2002-09-30,
Sikkim,2002-12-31,
Sikkim,2003-03-31,
Sikkim,2003-06-30,
Sikkim,2003-09-30,
Sikkim,2003-12-31,
Sikkim,2004-03-31,
Sikkim,2004-06-30,
Sikkim,2004-09-30,
Sikkim,2004-12-31,
Sikkim,2005-03-31,
Sikkim,2005-06-30,
Sikkim,2005-09-30,
Sikkim,2005-12-31,
Sikkim,2006-03-31,2.546025e-07
Sikkim,2006-06-30,5.7680000000000003e-05
Sikkim,2006-09-30,0.00014588333333333335
Sikkim,2006-12-31,2.9424191666666667e-05
Sikkim,2007-03-31,
Sikkim,2007-06-30,
Sikkim,2007-09-30,
Sikkim,2007-12-31,
Sikkim,2008-03-31,
Sikkim,2008-06-30,
Sikkim,2008-09-30,
Sikkim,2008-12-31,
Sikkim,2009-03-31,
Sikkim,2009-06-30,
Sikkim,2009-09-30,
Sikkim,2009-12-31,
Sikkim,2010-03-31,
Sikkim,2010-06-30,
Sikkim,2010-09-30,
Sikkim,2010-12-31,
Sikkim,2011-03-31,5.179216666666666e-06
Sikkim,2011-06-30,3.8194999999999996e-05
Sikkim,2011-09-30,0.00018035833333333333
Sikkim,2011-12-31,3.281958333333333e-05
Sikkim,2012-03-31,
Sikkim,2012-06-30,
Sikkim,2012-09-30,
Sikkim,2012-12-31,
Sikkim,2013-03-31,
Sikkim,2013-06-30,
Sikkim,2013-09-30,
Sikkim,2013-12-31,
Sikkim,2014-03-31,
Sikkim,2014-06-30,
Sikkim,2014-09-30,
Sikkim,2014-12-31,
Sikkim,2015-03-31,6.8716633333333325e-06
Sikkim,2015-06-30,5.9575e-05
Sikkim,2015-09-30,0.000160575
Sikkim,2015-12-31,2.6251549999999998e-05
Sikkim,2016-03-31,
Sikkim,2016-06-30,
Sikkim,2016-09-30,
Sikkim,2016-12-31,
Sikkim,2017-03-31,
Sikkim,2017-06-30,
Sikkim,2017-09-30,
Sikkim,2017-12-31,
Sikkim,2018-03-31,
Sikkim,2018-06-30,
Sikkim,2018-09-30,
Sikkim,2018-12-31,
Sikkim,2019-03-31,4.230358333333333e-06
Sikkim,2019-06-30,7.354166666666666e-05
Sikkim,2019-09-30,0.00016941666666666667
Sikkim,2019-12-31,2.5429041666666672e-05
Tamil Nadu,2001-03-31,2.583831111111111e-06
Tamil Nadu,2001-06-30,1.9386333333333338e-05
Tamil Nadu,2001-09-30,4.426777777777778e-05
Tamil Nadu,2001-12-31,7.800244444444444e-05
Tamil Nadu,2002-03-31,
Tamil Nadu,2002-06-30,
Tamil Nadu,2002-09-30,
Tamil Nadu,2002-12-31,
Tamil Nadu,2003-03-31,
Tamil Nadu,2003-06-30,
Tamil Nadu,2003-09-30,
Tamil Nadu,2003-12-31,
Tamil Nadu,2004-03-31,
Tamil Nadu,2004-06-30,
Tamil Nadu,2004-09-30,
Tamil Nadu,2004-12-31,
Tamil Nadu,2005-03-31,
Tamil Nadu,2005-06-30,
Tamil Nadu,2005-09-30,
Tamil Nadu,2005-12-31,
Tamil Nadu,2006-03-31,6.192966555555554e-06
Tamil Nadu,2006-06-30,2.378917788877778e-05
Tamil Nadu,2006-09-30,3.3106111111111114e-05
Tamil Nadu,2006-12-31,6.618988888888889e-05
Tamil Nadu,2007-03-31,
Tamil Nadu,2007-06-30,
Tamil Nadu,2007-09-30,
Tamil Nadu,2007-12-31,
Tamil Nadu,2008-03-31,
Tamil Nadu,2008-06-30,
Tamil Nadu,2008-09-30,
Tamil Nadu,2008-12-31,
Tamil Nadu,2009-03-31,
Tamil Nadu,2009-06-30,
Tamil Nadu,2009-09-30,
Tamil Nadu,2009-12-31,
Tamil Nadu,2010-03-31,
Tamil Nadu,2010-06-30,
Tamil Nadu,2010-09-30,
Tamil Nadu,2010-12-31,
Tamil Nadu,2011-03-31,2.728854666666667e-06
Tamil Nadu,2011-06-30,2.2236048949111107e-05
Tamil Nadu,2011-09-30,3.5755222222222224e-05
Tamil Nadu,2011-12-31,6.30851111111111e-05
Tamil Nadu,2012-03-31,
Tamil Nadu,2012-06-30,
Tamil Nadu,2012-09-30,
Tamil Nadu,2012-12-31,
Tamil Nadu,2013-03-31,
Tamil Nadu,2013-06-30,
Tamil Nadu,2013-09-30,
Tamil Nadu,2013-12-31,
Tamil Nadu,2014-03-31,
Tamil Nadu,2014-06-30,
Tamil Nadu,2014-09-30,
Tamil Nadu,2014-12-31,
Tamil Nadu,2015-03-31,4.280556666666666e-06
Tamil Nadu,2015-06-30,1.7324384495777782e-05
Tamil Nadu,2015-09-30,3.258333333333334e-05
Tamil Nadu,2015-12-31,8.00268888888889e-05
Tamil Nadu,2016-03-31,
Tamil Nadu,2016-06-30,
Tamil Nadu,2016-09-30,
Tamil Nadu,2016-12-31,
Tamil Nadu,2017-03-31,
Tamil Nadu,2017-06-30,
Tamil Nadu,2017-09-30,
Tamil Nadu,2017-12-31,
Tamil Nadu,2018-03-31,
Tamil Nadu,2018-06-30,
Tamil Nadu,2018-09-30,
Tamil Nadu,2018-12-31,
Tamil Nadu,2019-03-31,3.473388555555556e-06
Tamil Nadu,2019-06-30,1.7823365581e-05
Tamil Nadu,2019-09-30,4.9680999999999994e-05
Tamil Nadu,2019-12-31,5.4104888888888896e-05
Tripura,2001-03-31,9.349225e-06
Tripura,2001-06-30,0.000156775
Tripura,2001-09-30,0.00016636666666666668
Tripura,2001-12-31,5.330043337916667e-05
Tripura,2002-03-31,
Tripura,2002-06-30,
Tripura,2002-09-30,
Tripura,2002-12-31,
Tripura,2003-03-31,
Tripura,2003-06-30,
Tripura,2003-09-30,
Tripura,2003-12-31,
Tripura,2004-03-31,
Tripura,2004-06-30,
Tripura,2004-09-30,
Tripura,2004-12-31,
Tripura,2005-03-31,
Tripura,2005-06-30,
Tripura,2005-09-30,
Tripura,2005-12-31,
Tripura,2006-03-31,5.576666666666667e-06
Tripura,2006-06-30,9.763333333333334e-05
Tripura,2006-09-30,0.0002175
Tripura,2006-12-31,5.4175e-05
Tripura,2007-03-31,
Tripura,2007-06-30,
Tripura,2007-09-30,
Tripura,2007-12-31,
Tripura,2008-03-31,
Tripura,2008-06-30,
Tripura,2008-09-30,
Tripura,2008-12-31,
Tripura,2009-03-31,
Tripura,2009-06-30,
Tripura,2009-09-30,
Tripura,2009-12-31,
Tripura,2010-03-31,
Tripura,2010-06-30,
Tripura,2010-09-30,
Tripura,2010-12-31,
Tripura,2011-03-31,6.744652499999999e-06
Tripura,2011-06-30,0.00010732499999999998
Tripura,2011-09-30,0.0001985
Tripura,2011-12-31,5.339939168691666e-05
Tripura,2012-03-31,
Tripura,2012-06-30,
Tripura,2012-09-30,
Tripura,2012-12-31,
Tripura,2013-03-31,
Tripura,2013-06-30,
Tripura,2013-09-30,
Tripura,2013-12-31,
Tripura,2014-03-31,
Tripura,2014-06-30,
Tripura,2014-09-30,
Tripura,2014-12-31,
Tripura,2015-03-31,2.4341666666666668e-05
Tripura,2015-06-30,0.00010779166666666667
Tripura,2015-09-30,0.00023608333333333334
Tripura,2015-12-31,9.337629083657499e-05
Tripura,2016-03-31,
Tripura,2016-06-30,
Tripura,2016-09-30,
Tripura,2016-12-31,
Tripura,2017-03-31,
Tripura,2017-06-30,
Tripura,2017-09-30,
Tripura,2017-12-31,
Tripura,2018-03-31,
Tripura,2018-06-30,
Tripura,2018-09-30,
Tripura,2018-12-31,
Tripura,2019-03-31,5.620833333333332e-06
Tripura,2019-06-30,0.00010160833333333333
Tripura,2019-09-30,0.00020766666666666668
Tripura,2019-12-31,6.712640000359166e-05
Uttar Pradesh,2001-03-31,1.4587995809523808e-06
Uttar Pradesh,2001-06-30,9.747640842857142e-06
Uttar Pradesh,2001-09-30,9.039999999999999e-05
Uttar Pradesh,2001-12-31,8.477394439999995e-06
Uttar Pradesh,2002-03-31,
Uttar Pradesh,2002-06-30,
Uttar Pradesh,2002-09-30,
Uttar Pradesh,2002-12-31,
Uttar Pradesh,2003-03-31,
Uttar Pradesh,2003-06-30,
Uttar Pradesh,2003-09-30,
Uttar Pradesh,2003-12-31,
Uttar Pradesh,2004-03-31,
Uttar Pradesh,2004-06-30,
Uttar Pradesh,2004-09-30,
Uttar Pradesh,2004-12-31,
Uttar Pradesh,2005-03-31,
Uttar Pradesh,2005-06-30,
Uttar Pradesh,2005-09-30,
Uttar Pradesh,2005-12-31,
Uttar Pradesh,2006-03-31,2.1232428428571427e-06
Uttar Pradesh,2006-06-30,9.588828953333334e-06
Uttar Pradesh,2006-09-30,8.899047619047621e-05
Uttar Pradesh,2006-12-31,2.1567789620000003e-05
Uttar Pradesh,2007-03-31,
Uttar Pradesh,2007-06-30,
Uttar Pradesh,2007-09-30,
Uttar Pradesh,2007-12-31,
Uttar Pradesh,2008-03-31,
Uttar Pradesh,2008-06-30,
Uttar Pradesh,2008-09-30,
Uttar Pradesh,2008-12-31,
Uttar Pradesh,2009-03-31,
Uttar Pradesh,2009-06-30,
Uttar Pradesh,2009-09-30,
Uttar Pradesh,2009-12-31,
Uttar Pradesh,2010-03-31,
Uttar Pradesh,2010-06-30,
Uttar Pradesh,2010-09-30,
Uttar Pradesh,2010-12-31,
Uttar Pradesh,2011-03-31,3.898050728571429e-06
Uttar Pradesh,2011-06-30,2.97748638095238e-06
Uttar Pradesh,2011-09-30,9.790190476190474e-05
Uttar Pradesh,2011-12-31,2.3894163308095235e-05
Uttar Pradesh,2012-03-31,
Uttar Pradesh,2012-06-30,
Uttar Pradesh,2012-09-30,
Uttar Pradesh,2012-12-31,
Uttar Pradesh,2013-03-31,
Uttar Pradesh,2013-06-30,
Uttar Pradesh,2013-09-30,
Uttar Pradesh,2013-12-31,
Uttar Pradesh,2014-03-31,
Uttar Pradesh,2014-06-30,
Uttar Pradesh,2014-09-30,
Uttar Pradesh,2014-12-31,
Uttar Pradesh,2015-03-31,2.5807058047619044e-06
Uttar Pradesh,2015-06-30,1.256892614285714e-05
Uttar Pradesh,2015-09-30,9.234523809523809e-05
Uttar Pradesh,2015-12-31,2.8186830833333326e-05
Uttar Pradesh,2016-03-31,
Uttar Pradesh,2016-06-30,
Uttar Pradesh,2016-09-30,
Uttar Pradesh,2016-12-31,
Uttar Pradesh,2017-03-31,
Uttar Pradesh,2017-06-30,
Uttar Pradesh,2017-09-30,
Uttar Pradesh,2017-12-31,
Uttar Pradesh,2018-03-31,
Uttar Pradesh,2018-06-30,
Uttar Pradesh,2018-09-30,
Uttar Pradesh,2018-12-31,
Uttar Pradesh,2019-03-31,2.7910375999999996e-06
Uttar Pradesh,2019-06-30,1.1381980333333334e-05
Uttar Pradesh,2019-09-30,7.257238095238095e-05
Uttar Pradesh,2019-12-31,1.1378032342857139e-05
Uttarakhand,2001-03-31,6.727435897435898e-06
Uttarakhand,2001-06-30,2.0484102564102562e-05
Uttarakhand,2001-09-30,8.983333333333333e-05
Uttarakhand,2001-12-31,9.663417435897437e-06
Uttarakhand,2002-03-31,
Uttarakhand,2002-06-30,
Uttarakhand,2002-09-30,
Uttarakhand,2002-12-31,
Uttarakhand,2003-03-31,
Uttarakhand,2003-06-30,
Uttarakhand,2003-09-30,
Uttarakhand,2003-12-31,
Uttarakhand,2004-03-31,
Uttarakhand,2004-06-30,
Uttarakhand,2004-09-30,
Uttarakhand,2004-12-31,
Uttarakhand,2005-03-31,
Uttarakhand,2005-06-30,
Uttarakhand,2005-09-30,
Uttarakhand,2005-12-31,
Uttarakhand,2006-03-31,7.768584615384615e-06
Uttarakhand,2006-06-30,1.0596641025641026e-05
Uttarakhand,2006-09-30,8.155641025641025e-05
Uttarakhand,2006-12-31,1.1121189743589743e-05
Uttarakhand,2007-03-31,
Uttarakhand,2007-06-30,
Uttarakhand,2007-09-30,
Uttarakhand,2007-12-31,
Uttarakhand,2008-03-31,
Uttarakhand,2008-06-30,
Uttarakhand,2008-09-30,
Uttarakhand,2008-12-31,
Uttarakhand,2009-03-31,
Uttarakhand,2009-06-30,
Uttarakhand,2009-09-30,
Uttarakhand,2009-12-31,
Uttarakhand,2010-03-31,
Uttarakhand,2010-06-30,
Uttarakhand,2010-09-30,
Uttarakhand,2010-12-31,
Uttarakhand,2011-03-31,1.2109476923076922e-05
Uttarakhand,2011-06-30,4.256666666666667e-06
Uttarakhand,2011-09-30,7.766153846153846e-05
Uttarakhand,2011-12-31,1.2764851282051283e-05
Uttarakhand,2012-03-31,
Uttarakhand,2012-06-30,
Uttarakhand,2012-09-30,
Uttarakhand,2012-12-31,
Uttarakhand,2013-03-31,
Uttarakhand,2013-06-30,
Uttarakhand,2013-09-30,
Uttarakhand,2013-12-31,
Uttarakhand,2014-03-31,
Uttarakhand,2014-06-30,
Uttarakhand,2014-09-30,
Uttarakhand,2014-12-31,
Uttarakhand,2015-03-31,8.597982051282052e-06
Uttarakhand,2015-06-30,1.3712051282051283e-05
Uttarakhand,2015-09-30,8.524871794871795e-05
Uttarakhand,2015-12-31,1.897963076923077e-05
Uttarakhand,2016-03-31,
Uttarakhand,2016-06-30,
Uttarakhand,2016-09-30,
Uttarakhand,2016-12-31,
Uttarakhand,2017-03-31,
Uttarakhand,2017-06-30,
Uttarakhand,2017-09-30,
Uttarakhand,2017-12-31,
Uttarakhand,2018-03-31,
Uttarakhand,2018-06-30,
Uttarakhand,2018-09-30,
Uttarakhand,2018-12-31,
Uttarakhand,2019-03-31,9.12348717948718e-06
Uttarakhand,2019-06-30,1.0388461538461539e-05
Uttarakhand,2019-09-30,5.750769230769231e-05
Uttarakhand,2019-12-31,9.379696153846152e-06
West Bengal,2001-03-31,5.198222222222222e-06
West Bengal,2001-06-30,5.606092592592592e-05
West Bengal,2001-09-30,0.0001106777777777778
West Bengal,2001-12-31,2.016795888888889e-05
West Bengal,2002-03-31,
West Bengal,2002-06-30,
West Bengal,2002-09-30,
West Bengal,2002-12-31,
West Bengal,2003-03-31,
West Bengal,2003-06-30,
West Bengal,2003-09-30,
West Bengal,2003-12-31,
West Bengal,2004-03-31,
West Bengal,2004-06-30,
West Bengal,2004-09-30,
West Bengal,2004-12-31,
West Bengal,2005-03-31,
West Bengal,2005-06-30,
West Bengal,2005-09-30,
West Bengal,2005-12-31,
West Bengal,2006-03-31,2.044266675925926e-06
West Bengal,2006-06-30,4.664907407407408e-05
West Bengal,2006-09-30,0.00014212962962962964
West Bengal,2006-12-31,4.623914481481481e-05
West Bengal,2007-03-31,
West Bengal,2007-06-30,
West Bengal,2007-09-30,
West Bengal,2007-12-31,
West Bengal,2008-03-31,
West Bengal,2008-06-30,
West Bengal,2008-09-30,
West Bengal,2008-12-31,
West Bengal,2009-03-31,
West Bengal,2009-06-30,
West Bengal,2009-09-30,
West Bengal,2009-12-31,
West Bengal,2010-03-31,
West Bengal,2010-06-30,
West Bengal,2010-09-30,
West Bengal,2010-12-31,
West Bengal,2011-03-31,2.3036414629629627e-06
West Bengal,2011-06-30,3.917111111111111e-05
West Bengal,2011-09-30,0.00013910555555555557
West Bengal,2011-12-31,3.947928648148148e-05
West Bengal,2012-03-31,
West Bengal,2012-06-30,
West Bengal,2012-09-30,
West Bengal,2012-12-31,
West Bengal,2013-03-31,
West Bengal,2013-06-30,
West Bengal,2013-09-30,
West Bengal,2013-12-31,
West Bengal,2014-03-31,
West Bengal,2014-06-30,
West Bengal,2014-09-30,
West Bengal,2014-12-31,
West Bengal,2015-03-31,6.138914333333332e-06
West Bengal,2015-06-30,6.055888888888889e-05
West Bengal,2015-09-30,0.00013633518518518518
West Bengal,2015-12-31,3.634121314814815e-05
West Bengal,2016-03-31,
West Bengal,2016-06-30,
West Bengal,2016-09-30,
West Bengal,2016-12-31,
West Bengal,2017-03-31,
West Bengal,2017-06-30,
West Bengal,2017-09-30,
West Bengal,2017-12-31,
West Bengal,2018-03-31,
West Bengal,2018-06-30,
West Bengal,2018-09-30,
West Bengal,2018-12-31,
West Bengal,2019-03-31,2.3047018518518523e-06
West Bengal,2019-06-30,4.572037037037037e-05
West Bengal,2019-09-30,0.0001359425925925926
West Bengal,2019-12-31,3.154020925925926e-05
